{
  "_comment" : "Created with OWL2VOWL (version 0.1.4), http://vowl.visualdataweb.org",
  "namespace" : [ { } ],
  "header" : {
    "languages" : [ "IRI-based", "undefined" ],
    "title" : {
      "undefined" : "Friend of a Friend (FOAF) vocabulary"
    },
    "uri" : "http://xmlns.com/foaf/0.1/",
    "version" : "0.99",	
    "author" : [ "Dan Brickley", "Libby Miller" ],	
    "description" : {
      "undefined" : "The Friend of a Friend (FOAF) RDF vocabulary, described using W3C RDF Schema and the Web Ontology Language."
    },
    "seeAlso" : [ ],
    "issued" : [ ],
    "license" : [ ],
    "rdfsLabel" : [ ],
    "other" : { }
  },
  "metrics" : {
    "classCount" : 22,
    "datatypeCount" : 27,
    "objectPropertyCount" : 40,
    "datatypePropertyCount" : 27,
    "propertyCount" : 67,
    "nodeCount" : 49,
    "axiomCount" : 551,
    "individualCount" : 0
  },
  "class" : [ {
    "id" : "class3",
    "type" : "owl:equivalentClass"
  }, {
    "id" : "class5",
    "type" : "owl:Class"
  }, {
    "id" : "class14",
    "type" : "owl:equivalentClass"
  }, {
    "id" : "class7",
    "type" : "owl:equivalentClass"
  }, {
    "id" : "class8",
    "type" : "owl:equivalentClass"
  }, {
    "id" : "class13",
    "type" : "owl:Class"
  }, {
    "id" : "class16",
    "type" : "owl:Class"
  }, {
    "id" : "class15",
    "type" : "owl:equivalentClass"
  }, {
    "id" : "class1",
    "type" : "owl:equivalentClass"
  }, {
    "id" : "class20",
    "type" : "owl:Class"
  }, {
    "id" : "class19",
    "type" : "externalclass"
  }, {
    "id" : "class11",
    "type" : "externalclass"
  }, {
    "id" : "class9",
    "type" : "owl:equivalentClass"
  }, {
    "id" : "class10",
    "type" : "externalclass"
  }, {
    "id" : "class21",
    "type" : "owl:equivalentClass"
  }, {
    "id" : "class2",
    "type" : "owl:Class"
  }, {
    "id" : "class12",
    "type" : "owl:Class"
  }, {
    "id" : "class17",
    "type" : "owl:Class"
  }, {
    "id" : "class4",
    "type" : "owl:Class"
  }, {
    "id" : "class18",
    "type" : "owl:Class"
  }, {
    "id" : "class6",
    "type" : "owl:equivalentClass"
  }, {
    "id" : "thing6",
    "type" : "owl:Thing"
  }, {
    "id" : "thing1",
    "type" : "owl:Thing"
  }, {
    "id" : "thing4",
    "type" : "owl:Thing"
  }, {
    "id" : "thing5",
    "type" : "owl:Thing"
  }, {
    "id" : "thing2",
    "type" : "owl:Thing"
  }, {
    "id" : "thing3",
    "type" : "owl:Thing"
  } ],
  "classAttribute" : [ {
    "id" : "class3",
    "label" : {
      "IRI-based" : "Agent",
      "undefined" : "Agent"
    },
    "uri" : "http://xmlns.com/foaf/0.1/Agent",
    "comment" : {
      "undefined" : "An agent (eg. person, group, software or physical artifact)."
    },
    "instances" : 0,
    "equivalent" : [ "class14" ],
    "attributes" : [ "equivalent" ],
    "union" : [ ],
    "intersection" : [ ],
    "complement" : [ ],
    "subClasses" : [ "class17", "class16", "class15" ],
    "superClasses" : [ ]
  }, {
    "id" : "class5",
    "label" : {
      "IRI-based" : "OnlineAccount",
      "undefined" : "Online Account"
    },
    "uri" : "http://xmlns.com/foaf/0.1/OnlineAccount",
    "comment" : {
      "undefined" : "An online account."
    },
    "instances" : 0,
    "equivalent" : [ ],
    "attributes" : [ ],
    "union" : [ ],
    "intersection" : [ ],
    "complement" : [ ],
    "subClasses" : [ "class20", "class12", "class13" ],
    "superClasses" : [ ]
  }, {
    "id" : "class14",
    "label" : {
      "IRI-based" : "Agent"
    },
    "uri" : "http://purl.org/dc/terms/Agent",
    "comment" : { },
    "instances" : 0,
    "equivalent" : [ ],
    "attributes" : [ "external", "equivalent" ],
    "union" : [ ],
    "intersection" : [ ],
    "complement" : [ ],
    "subClasses" : [ ],
    "superClasses" : [ ]
  }, {
    "id" : "class7",
    "label" : {
      "IRI-based" : "CreativeWork"
    },
    "uri" : "http://schema.org/CreativeWork",
    "comment" : { },
    "instances" : 0,
    "equivalent" : [ ],
    "attributes" : [ "external", "equivalent" ],
    "union" : [ ],
    "intersection" : [ ],
    "complement" : [ ],
    "subClasses" : [ ],
    "superClasses" : [ ]
  }, {
    "id" : "class8",
    "label" : {
      "IRI-based" : "Person"
    },
    "uri" : "http://schema.org/Person",
    "comment" : { },
    "instances" : 0,
    "equivalent" : [ ],
    "attributes" : [ "external", "equivalent" ],
    "union" : [ ],
    "intersection" : [ ],
    "complement" : [ ],
    "subClasses" : [ ],
    "superClasses" : [ ]
  }, {
    "id" : "class13",
    "label" : {
      "IRI-based" : "OnlineGamingAccount",
      "undefined" : "Online Gaming Account"
    },
    "uri" : "http://xmlns.com/foaf/0.1/OnlineGamingAccount",
    "comment" : {
      "undefined" : "An online gaming account."
    },
    "instances" : 0,
    "equivalent" : [ ],
    "attributes" : [ ],
    "union" : [ ],
    "intersection" : [ ],
    "complement" : [ ],
    "subClasses" : [ ],
    "superClasses" : [ "class5" ]
  }, {
    "id" : "class16",
    "label" : {
      "IRI-based" : "Organization",
      "undefined" : "Organization"
    },
    "uri" : "http://xmlns.com/foaf/0.1/Organization",
    "comment" : {
      "undefined" : "An organization."
    },
    "instances" : 0,
    "equivalent" : [ ],
    "attributes" : [ ],
    "union" : [ ],
    "intersection" : [ ],
    "complement" : [ ],
    "subClasses" : [ ],
    "superClasses" : [ "class3" ]
  }, {
    "id" : "class15",
    "label" : {
      "IRI-based" : "Person",
      "undefined" : "Person"
    },
    "uri" : "http://xmlns.com/foaf/0.1/Person",
    "comment" : {
      "undefined" : "A person."
    },
    "instances" : 0,
    "equivalent" : [ "class6", "class8" ],
    "attributes" : [ "equivalent" ],
    "union" : [ ],
    "intersection" : [ ],
    "complement" : [ ],
    "subClasses" : [ ],
    "superClasses" : [ "class10", "class3" ]
  }, {
    "id" : "class1",
    "label" : {
      "IRI-based" : "ImageObject"
    },
    "uri" : "http://schema.org/ImageObject",
    "comment" : { },
    "instances" : 0,
    "equivalent" : [ ],
    "attributes" : [ "external", "equivalent" ],
    "union" : [ ],
    "intersection" : [ ],
    "complement" : [ ],
    "subClasses" : [ ],
    "superClasses" : [ ]
  }, {
    "id" : "class20",
    "label" : {
      "IRI-based" : "OnlineChatAccount",
      "undefined" : "Online Chat Account"
    },
    "uri" : "http://xmlns.com/foaf/0.1/OnlineChatAccount",
    "comment" : {
      "undefined" : "An online chat account."
    },
    "instances" : 0,
    "equivalent" : [ ],
    "attributes" : [ ],
    "union" : [ ],
    "intersection" : [ ],
    "complement" : [ ],
    "subClasses" : [ ],
    "superClasses" : [ "class5" ]
  }, {
    "id" : "class19",
    "label" : {
      "IRI-based" : "Class"
    },
    "uri" : "http://www.w3.org/2000/01/rdf-schema#Class",
    "comment" : { },
    "instances" : 0,
    "equivalent" : [ ],
    "attributes" : [ "external" ],
    "union" : [ ],
    "intersection" : [ ],
    "complement" : [ ],
    "subClasses" : [ ],
    "superClasses" : [ ]
  }, {
    "id" : "class11",
    "label" : {
      "IRI-based" : "Concept",
      "undefined" : "Concept"
    },
    "uri" : "http://www.w3.org/2004/02/skos/core#Concept",
    "comment" : { },
    "instances" : 0,
    "equivalent" : [ ],
    "attributes" : [ "external" ],
    "union" : [ ],
    "intersection" : [ ],
    "complement" : [ ],
    "subClasses" : [ ],
    "superClasses" : [ ]
  }, {
    "id" : "class9",
    "label" : {
      "IRI-based" : "Document",
      "undefined" : "Document"
    },
    "uri" : "http://xmlns.com/foaf/0.1/Document",
    "comment" : {
      "undefined" : "A document."
    },
    "instances" : 0,
    "equivalent" : [ "class7" ],
    "attributes" : [ "equivalent" ],
    "union" : [ ],
    "intersection" : [ ],
    "complement" : [ ],
    "subClasses" : [ "class21", "class18" ],
    "superClasses" : [ ]
  }, {
    "id" : "class10",
    "label" : {
      "IRI-based" : "SpatialThing",
      "undefined" : "Spatial Thing"
    },
    "uri" : "http://www.w3.org/2003/01/geo/wgs84_pos#SpatialThing",
    "comment" : { },
    "instances" : 0,
    "equivalent" : [ ],
    "attributes" : [ "external" ],
    "union" : [ ],
    "intersection" : [ ],
    "complement" : [ ],
    "subClasses" : [ "class15" ],
    "superClasses" : [ ]
  }, {
    "id" : "class21",
    "label" : {
      "IRI-based" : "Image",
      "undefined" : "Image"
    },
    "uri" : "http://xmlns.com/foaf/0.1/Image",
    "comment" : {
      "undefined" : "An image."
    },
    "instances" : 0,
    "equivalent" : [ "class1" ],
    "attributes" : [ "equivalent" ],
    "union" : [ ],
    "intersection" : [ ],
    "complement" : [ ],
    "subClasses" : [ ],
    "superClasses" : [ "class9" ]
  }, {
    "id" : "class2",
    "label" : {
      "IRI-based" : "LabelProperty",
      "undefined" : "Label Property"
    },
    "uri" : "http://xmlns.com/foaf/0.1/LabelProperty",
    "comment" : {
      "undefined" : "A foaf:LabelProperty is any RDF property with texual values that serve as labels."
    },
    "instances" : 0,
    "equivalent" : [ ],
    "attributes" : [ ],
    "union" : [ ],
    "intersection" : [ ],
    "complement" : [ ],
    "subClasses" : [ ],
    "superClasses" : [ ]
  }, {
    "id" : "class12",
    "label" : {
      "IRI-based" : "OnlineEcommerceAccount",
      "undefined" : "Online E-commerce Account"
    },
    "uri" : "http://xmlns.com/foaf/0.1/OnlineEcommerceAccount",
    "comment" : {
      "undefined" : "An online e-commerce account."
    },
    "instances" : 0,
    "equivalent" : [ ],
    "attributes" : [ ],
    "union" : [ ],
    "intersection" : [ ],
    "complement" : [ ],
    "subClasses" : [ ],
    "superClasses" : [ "class5" ]
  }, {
    "id" : "class17",
    "label" : {
      "IRI-based" : "Group",
      "undefined" : "Group"
    },
    "uri" : "http://xmlns.com/foaf/0.1/Group",
    "comment" : {
      "undefined" : "A class of Agents."
    },
    "instances" : 0,
    "equivalent" : [ ],
    "attributes" : [ ],
    "union" : [ ],
    "intersection" : [ ],
    "complement" : [ ],
    "subClasses" : [ ],
    "superClasses" : [ "class3" ]
  }, {
    "id" : "class4",
    "label" : {
      "IRI-based" : "Project",
      "undefined" : "Project"
    },
    "uri" : "http://xmlns.com/foaf/0.1/Project",
    "comment" : {
      "undefined" : "A project (a collective endeavour of some kind)."
    },
    "instances" : 0,
    "equivalent" : [ ],
    "attributes" : [ ],
    "union" : [ ],
    "intersection" : [ ],
    "complement" : [ ],
    "subClasses" : [ ],
    "superClasses" : [ ]
  }, {
    "id" : "class18",
    "label" : {
      "IRI-based" : "PersonalProfileDocument",
      "undefined" : "PersonalProfileDocument"
    },
    "uri" : "http://xmlns.com/foaf/0.1/PersonalProfileDocument",
    "comment" : {
      "undefined" : "A personal profile RDF document."
    },
    "instances" : 0,
    "equivalent" : [ ],
    "attributes" : [ ],
    "union" : [ ],
    "intersection" : [ ],
    "complement" : [ ],
    "subClasses" : [ ],
    "superClasses" : [ "class9" ]
  }, {
    "id" : "class6",
    "label" : {
      "IRI-based" : "Person"
    },
    "uri" : "http://www.w3.org/2000/10/swap/pim/contact#Person",
    "comment" : { },
    "instances" : 0,
    "equivalent" : [ ],
    "attributes" : [ "external", "equivalent" ],
    "union" : [ ],
    "intersection" : [ ],
    "complement" : [ ],
    "subClasses" : [ ],
    "superClasses" : [ ]
  }, {
    "id" : "thing6",
    "label" : "Thing",
    "uri" : "http://www.w3.org/2002/07/owl#Thing"
  }, {
    "id" : "thing1",
    "label" : "Thing",
    "uri" : "http://www.w3.org/2002/07/owl#Thing"
  }, {
    "id" : "thing4",
    "label" : "Thing",
    "uri" : "http://www.w3.org/2002/07/owl#Thing"
  }, {
    "id" : "thing5",
    "label" : "Thing",
    "uri" : "http://www.w3.org/2002/07/owl#Thing"
  }, {
    "id" : "thing2",
    "label" : "Thing",
    "uri" : "http://www.w3.org/2002/07/owl#Thing"
  }, {
    "id" : "thing3",
    "label" : "Thing",
    "uri" : "http://www.w3.org/2002/07/owl#Thing"
  } ],
  "datatype" : [ {
    "id" : "literal26",
    "type" : "rdfs:Literal"
  }, {
    "id" : "literal25",
    "type" : "rdfs:Literal"
  }, {
    "id" : "literal24",
    "type" : "rdfs:Literal"
  }, {
    "id" : "literal23",
    "type" : "rdfs:Literal"
  }, {
    "id" : "literal27",
    "type" : "rdfs:Literal"
  }, {
    "id" : "literal21",
    "type" : "rdfs:Literal"
  }, {
    "id" : "literal22",
    "type" : "rdfs:Literal"
  }, {
    "id" : "literal20",
    "type" : "rdfs:Literal"
  }, {
    "id" : "literal8",
    "type" : "rdfs:Literal"
  }, {
    "id" : "literal7",
    "type" : "rdfs:Literal"
  }, {
    "id" : "literal9",
    "type" : "rdfs:Literal"
  }, {
    "id" : "literal13",
    "type" : "rdfs:Literal"
  }, {
    "id" : "literal4",
    "type" : "rdfs:Literal"
  }, {
    "id" : "literal12",
    "type" : "rdfs:Literal"
  }, {
    "id" : "literal3",
    "type" : "rdfs:Literal"
  }, {
    "id" : "literal6",
    "type" : "rdfs:Literal"
  }, {
    "id" : "literal15",
    "type" : "rdfs:Literal"
  }, {
    "id" : "literal5",
    "type" : "rdfs:Literal"
  }, {
    "id" : "literal14",
    "type" : "rdfs:Literal"
  }, {
    "id" : "literal17",
    "type" : "rdfs:Literal"
  }, {
    "id" : "literal16",
    "type" : "rdfs:Literal"
  }, {
    "id" : "literal2",
    "type" : "rdfs:Literal"
  }, {
    "id" : "literal19",
    "type" : "rdfs:Literal"
  }, {
    "id" : "literal1",
    "type" : "rdfs:Literal"
  }, {
    "id" : "literal18",
    "type" : "rdfs:Literal"
  }, {
    "id" : "literal10",
    "type" : "rdfs:Literal"
  }, {
    "id" : "literal11",
    "type" : "rdfs:Literal"
  } ],
  "datatypeAttribute" : [ {
    "id" : "literal26",
    "label" : {
      "IRI-based" : "Literal"
    },
    "comment" : { },
    "attributes" : [ ],
    "subClasses" : [ ],
    "superClasses" : [ ]
  }, {
    "id" : "literal25",
    "label" : {
      "IRI-based" : "Literal"
    },
    "comment" : { },
    "attributes" : [ ],
    "subClasses" : [ ],
    "superClasses" : [ ]
  }, {
    "id" : "literal24",
    "label" : {
      "IRI-based" : "Literal"
    },
    "comment" : { },
    "attributes" : [ ],
    "subClasses" : [ ],
    "superClasses" : [ ]
  }, {
    "id" : "literal23",
    "label" : {
      "IRI-based" : "Literal"
    },
    "comment" : { },
    "attributes" : [ ],
    "subClasses" : [ ],
    "superClasses" : [ ]
  }, {
    "id" : "literal27",
    "label" : {
      "IRI-based" : "Literal"
    },
    "comment" : { },
    "attributes" : [ ],
    "subClasses" : [ ],
    "superClasses" : [ ]
  }, {
    "id" : "literal21",
    "label" : {
      "IRI-based" : "Literal"
    },
    "comment" : { },
    "attributes" : [ ],
    "subClasses" : [ ],
    "superClasses" : [ ]
  }, {
    "id" : "literal22",
    "label" : {
      "IRI-based" : "Literal"
    },
    "comment" : { },
    "attributes" : [ ],
    "subClasses" : [ ],
    "superClasses" : [ ]
  }, {
    "id" : "literal20",
    "label" : {
      "IRI-based" : "Literal"
    },
    "comment" : { },
    "attributes" : [ ],
    "subClasses" : [ ],
    "superClasses" : [ ]
  }, {
    "id" : "literal8",
    "label" : {
      "IRI-based" : "Literal"
    },
    "comment" : { },
    "attributes" : [ ],
    "subClasses" : [ ],
    "superClasses" : [ ]
  }, {
    "id" : "literal7",
    "label" : {
      "IRI-based" : "Literal"
    },
    "comment" : { },
    "attributes" : [ ],
    "subClasses" : [ ],
    "superClasses" : [ ]
  }, {
    "id" : "literal9",
    "label" : {
      "IRI-based" : "Literal"
    },
    "comment" : { },
    "attributes" : [ ],
    "subClasses" : [ ],
    "superClasses" : [ ]
  }, {
    "id" : "literal13",
    "label" : {
      "IRI-based" : "Literal"
    },
    "comment" : { },
    "attributes" : [ ],
    "subClasses" : [ ],
    "superClasses" : [ ]
  }, {
    "id" : "literal4",
    "label" : {
      "IRI-based" : "Literal"
    },
    "comment" : { },
    "attributes" : [ ],
    "subClasses" : [ ],
    "superClasses" : [ ]
  }, {
    "id" : "literal12",
    "label" : {
      "IRI-based" : "Literal"
    },
    "comment" : { },
    "attributes" : [ ],
    "subClasses" : [ ],
    "superClasses" : [ ]
  }, {
    "id" : "literal3",
    "label" : {
      "IRI-based" : "Literal"
    },
    "comment" : { },
    "attributes" : [ ],
    "subClasses" : [ ],
    "superClasses" : [ ]
  }, {
    "id" : "literal6",
    "label" : {
      "IRI-based" : "Literal"
    },
    "comment" : { },
    "attributes" : [ ],
    "subClasses" : [ ],
    "superClasses" : [ ]
  }, {
    "id" : "literal15",
    "label" : {
      "IRI-based" : "Literal"
    },
    "comment" : { },
    "attributes" : [ ],
    "subClasses" : [ ],
    "superClasses" : [ ]
  }, {
    "id" : "literal5",
    "label" : {
      "IRI-based" : "Literal"
    },
    "comment" : { },
    "attributes" : [ ],
    "subClasses" : [ ],
    "superClasses" : [ ]
  }, {
    "id" : "literal14",
    "label" : {
      "IRI-based" : "Literal"
    },
    "comment" : { },
    "attributes" : [ ],
    "subClasses" : [ ],
    "superClasses" : [ ]
  }, {
    "id" : "literal17",
    "label" : {
      "IRI-based" : "Literal"
    },
    "comment" : { },
    "attributes" : [ ],
    "subClasses" : [ ],
    "superClasses" : [ ]
  }, {
    "id" : "literal16",
    "label" : {
      "IRI-based" : "Literal"
    },
    "comment" : { },
    "attributes" : [ ],
    "subClasses" : [ ],
    "superClasses" : [ ]
  }, {
    "id" : "literal2",
    "label" : {
      "IRI-based" : "Literal"
    },
    "comment" : { },
    "attributes" : [ ],
    "subClasses" : [ ],
    "superClasses" : [ ]
  }, {
    "id" : "literal19",
    "label" : {
      "IRI-based" : "Literal"
    },
    "comment" : { },
    "attributes" : [ ],
    "subClasses" : [ ],
    "superClasses" : [ ]
  }, {
    "id" : "literal1",
    "label" : {
      "IRI-based" : "Literal"
    },
    "comment" : { },
    "attributes" : [ ],
    "subClasses" : [ ],
    "superClasses" : [ ]
  }, {
    "id" : "literal18",
    "label" : {
      "IRI-based" : "Literal"
    },
    "comment" : { },
    "attributes" : [ ],
    "subClasses" : [ ],
    "superClasses" : [ ]
  }, {
    "id" : "literal10",
    "label" : {
      "IRI-based" : "Literal"
    },
    "comment" : { },
    "attributes" : [ ],
    "subClasses" : [ ],
    "superClasses" : [ ]
  }, {
    "id" : "literal11",
    "label" : {
      "IRI-based" : "Literal"
    },
    "comment" : { },
    "attributes" : [ ],
    "subClasses" : [ ],
    "superClasses" : [ ]
  } ],
  "property" : [ {
    "id" : "property22",
    "type" : "owl:objectProperty"
  }, {
    "id" : "property10",
    "type" : "owl:objectProperty"
  }, {
    "id" : "property26",
    "type" : "owl:objectProperty"
  }, {
    "id" : "property38",
    "type" : "owl:objectProperty"
  }, {
    "id" : "property12",
    "type" : "owl:objectProperty"
  }, {
    "id" : "property71",
    "type" : "rdfs:SubClassOf"
  }, {
    "id" : "property70",
    "type" : "rdfs:SubClassOf"
  }, {
    "id" : "property16",
    "type" : "owl:objectProperty"
  }, {
    "id" : "property14",
    "type" : "owl:objectProperty"
  }, {
    "id" : "property76",
    "type" : "owl:disjointWith"
  }, {
    "id" : "property20",
    "type" : "owl:objectProperty"
  }, {
    "id" : "property78",
    "type" : "rdfs:SubClassOf"
  }, {
    "id" : "property62",
    "type" : "owl:datatypeProperty"
  }, {
    "id" : "property4",
    "type" : "owl:objectProperty"
  }, {
    "id" : "property79",
    "type" : "rdfs:SubClassOf"
  }, {
    "id" : "property29",
    "type" : "owl:objectProperty"
  }, {
    "id" : "property72",
    "type" : "rdfs:SubClassOf"
  }, {
    "id" : "property24",
    "type" : "owl:objectProperty"
  }, {
    "id" : "property73",
    "type" : "rdfs:SubClassOf"
  }, {
    "id" : "property74",
    "type" : "owl:disjointWith"
  }, {
    "id" : "property63",
    "type" : "owl:datatypeProperty"
  }, {
    "id" : "property75",
    "type" : "owl:disjointWith"
  }, {
    "id" : "property5",
    "type" : "owl:objectProperty"
  }, {
    "id" : "property41",
    "type" : "owl:datatypeProperty"
  }, {
    "id" : "property51",
    "type" : "owl:datatypeProperty"
  }, {
    "id" : "property60",
    "type" : "owl:datatypeProperty"
  }, {
    "id" : "property28",
    "type" : "owl:objectProperty"
  }, {
    "id" : "property61",
    "type" : "owl:datatypeProperty"
  }, {
    "id" : "property39",
    "type" : "owl:objectProperty"
  }, {
    "id" : "property44",
    "type" : "owl:datatypeProperty"
  }, {
    "id" : "property48",
    "type" : "owl:datatypeProperty"
  }, {
    "id" : "property9",
    "type" : "owl:objectProperty"
  }, {
    "id" : "property21",
    "type" : "owl:objectProperty"
  }, {
    "id" : "property67",
    "type" : "owl:datatypeProperty"
  }, {
    "id" : "property42",
    "type" : "owl:datatypeProperty"
  }, {
    "id" : "property68",
    "type" : "rdfs:SubClassOf"
  }, {
    "id" : "property50",
    "type" : "owl:datatypeProperty"
  }, {
    "id" : "property17",
    "type" : "owl:objectProperty"
  }, {
    "id" : "property69",
    "type" : "rdfs:SubClassOf"
  }, {
    "id" : "property59",
    "type" : "owl:datatypeProperty"
  }, {
    "id" : "property43",
    "type" : "owl:datatypeProperty"
  }, {
    "id" : "property46",
    "type" : "owl:datatypeProperty"
  }, {
    "id" : "property53",
    "type" : "owl:datatypeProperty"
  }, {
    "id" : "property1",
    "type" : "owl:objectProperty"
  }, {
    "id" : "property37",
    "type" : "owl:objectProperty"
  }, {
    "id" : "property13",
    "type" : "owl:objectProperty"
  }, {
    "id" : "property66",
    "type" : "owl:datatypeProperty"
  }, {
    "id" : "property32",
    "type" : "owl:objectProperty"
  }, {
    "id" : "property54",
    "type" : "owl:datatypeProperty"
  }, {
    "id" : "property30",
    "type" : "owl:objectProperty"
  }, {
    "id" : "property45",
    "type" : "owl:datatypeProperty"
  }, {
    "id" : "property15",
    "type" : "owl:objectProperty"
  }, {
    "id" : "property2",
    "type" : "owl:objectProperty"
  }, {
    "id" : "property64",
    "type" : "owl:datatypeProperty"
  }, {
    "id" : "property82",
    "type" : "rdfs:SubClassOf"
  }, {
    "id" : "property33",
    "type" : "owl:objectProperty"
  }, {
    "id" : "property25",
    "type" : "owl:objectProperty"
  }, {
    "id" : "property80",
    "type" : "owl:disjointWith"
  }, {
    "id" : "property65",
    "type" : "owl:datatypeProperty"
  }, {
    "id" : "property34",
    "type" : "owl:objectProperty"
  }, {
    "id" : "property47",
    "type" : "owl:datatypeProperty"
  }, {
    "id" : "property18",
    "type" : "owl:objectProperty"
  }, {
    "id" : "property27",
    "type" : "owl:objectProperty"
  }, {
    "id" : "property57",
    "type" : "owl:datatypeProperty"
  }, {
    "id" : "property8",
    "type" : "owl:objectProperty"
  }, {
    "id" : "property55",
    "type" : "owl:datatypeProperty"
  }, {
    "id" : "property56",
    "type" : "owl:datatypeProperty"
  }, {
    "id" : "property23",
    "type" : "owl:objectProperty"
  }, {
    "id" : "property6",
    "type" : "owl:objectProperty"
  }, {
    "id" : "property11",
    "type" : "owl:objectProperty"
  }, {
    "id" : "property52",
    "type" : "owl:datatypeProperty"
  }, {
    "id" : "property58",
    "type" : "owl:datatypeProperty"
  }, {
    "id" : "property49",
    "type" : "owl:datatypeProperty"
  }, {
    "id" : "property36",
    "type" : "owl:objectProperty"
  } ],
  "propertyAttribute" : [ {
    "id" : "property22",
    "uri" : "http://xmlns.com/foaf/0.1/tipjar",
    "label" : {
      "IRI-based" : "tipjar",
      "undefined" : "tipjar"
    },
    "comment" : {
      "undefined" : "A tipjar document for this agent, describing means for payment and reward."
    },
    "domain" : "class3",
    "range" : "class9",
    "equivalent" : [ ],
    "attributes" : [ ],
    "subproperty" : [ ],
    "superproperty" : [ "property14" ],
    "disjoint" : [ ]
  }, {
    "id" : "property10",
    "uri" : "http://xmlns.com/foaf/0.1/workplaceHomepage",
    "label" : {
      "IRI-based" : "workplaceHomepage",
      "undefined" : "workplace homepage"
    },
    "comment" : {
      "undefined" : "A workplace homepage of some person; the homepage of an organization they work for."
    },
    "domain" : "class15",
    "range" : "class9",
    "equivalent" : [ ],
    "attributes" : [ ],
    "subproperty" : [ ],
    "superproperty" : [ ],
    "disjoint" : [ ]
  }, {
    "id" : "property26",
    "uri" : "http://xmlns.com/foaf/0.1/maker",
    "label" : {
      "IRI-based" : "maker",
      "undefined" : "maker"
    },
    "comment" : {
      "undefined" : "An agent that  made this thing."
    },
    "domain" : "thing1",
    "range" : "class3",
    "inverse" : "property20",
    "equivalent" : [ ],
    "attributes" : [ ],
    "subproperty" : [ ],
    "superproperty" : [ ],
    "disjoint" : [ ]
  }, {
    "id" : "property38",
    "uri" : "http://xmlns.com/foaf/0.1/based_near",
    "label" : {
      "IRI-based" : "based_near",
      "undefined" : "based near"
    },
    "comment" : {
      "undefined" : "A location that something is based near, for some broadly human notion of near."
    },
    "domain" : "class10",
    "range" : "class10",
    "equivalent" : [ ],
    "attributes" : [ ],
    "subproperty" : [ ],
    "superproperty" : [ ],
    "disjoint" : [ ]
  }, {
    "id" : "property12",
    "uri" : "http://xmlns.com/foaf/0.1/depiction",
    "label" : {
      "IRI-based" : "depiction",
      "undefined" : "depiction"
    },
    "comment" : {
      "undefined" : "A depiction of some thing."
    },
    "domain" : "thing3",
    "range" : "class21",
    "inverse" : "property9",
    "equivalent" : [ ],
    "attributes" : [ ],
    "subproperty" : [ "property23" ],
    "superproperty" : [ ],
    "disjoint" : [ ]
  }, {
    "id" : "property71",
    "label" : { },
    "comment" : { },
    "domain" : "class20",
    "range" : "class5",
    "equivalent" : [ ],
    "attributes" : [ ],
    "subproperty" : [ ],
    "superproperty" : [ ],
    "disjoint" : [ ]
  }, {
    "id" : "property70",
    "label" : { },
    "comment" : { },
    "domain" : "class15",
    "range" : "class3",
    "equivalent" : [ ],
    "attributes" : [ ],
    "subproperty" : [ ],
    "superproperty" : [ ],
    "disjoint" : [ ]
  }, {
    "id" : "property16",
    "uri" : "http://xmlns.com/foaf/0.1/logo",
    "label" : {
      "IRI-based" : "logo",
      "undefined" : "logo"
    },
    "comment" : {
      "undefined" : "A logo representing some thing."
    },
    "domain" : "thing4",
    "range" : "thing4",
    "equivalent" : [ ],
    "attributes" : [ "inverse functional" ],
    "subproperty" : [ ],
    "superproperty" : [ ],
    "disjoint" : [ ]
  }, {
    "id" : "property14",
    "uri" : "http://xmlns.com/foaf/0.1/page",
    "label" : {
      "IRI-based" : "page",
      "undefined" : "page"
    },
    "comment" : {
      "undefined" : "A page or document about this thing."
    },
    "domain" : "thing2",
    "range" : "class9",
    "inverse" : "property4",
    "equivalent" : [ ],
    "attributes" : [ ],
    "subproperty" : [ "property5", "property24", "property22", "property21" ],
    "superproperty" : [ ],
    "disjoint" : [ ]
  }, {
    "id" : "property76",
    "label" : { },
    "comment" : { },
    "domain" : "class4",
    "range" : "class15",
    "equivalent" : [ ],
    "attributes" : [ ],
    "subproperty" : [ ],
    "superproperty" : [ ],
    "disjoint" : [ ]
  }, {
    "id" : "property20",
    "uri" : "http://xmlns.com/foaf/0.1/made",
    "label" : {
      "IRI-based" : "made",
      "undefined" : "made"
    },
    "comment" : {
      "undefined" : "Something that was made by this agent."
    },
    "domain" : "class3",
    "range" : "thing1",
    "inverse" : "property26",
    "equivalent" : [ ],
    "attributes" : [ ],
    "subproperty" : [ ],
    "superproperty" : [ ],
    "disjoint" : [ ]
  }, {
    "id" : "property78",
    "label" : { },
    "comment" : { },
    "domain" : "class21",
    "range" : "class9",
    "equivalent" : [ ],
    "attributes" : [ ],
    "subproperty" : [ ],
    "superproperty" : [ ],
    "disjoint" : [ ]
  }, {
    "id" : "property62",
    "uri" : "http://xmlns.com/foaf/0.1/birthday",
    "label" : {
      "IRI-based" : "birthday",
      "undefined" : "birthday"
    },
    "comment" : {
      "undefined" : "The birthday of this Agent, represented in mm-dd string form, eg. '12-31'."
    },
    "domain" : "class3",
    "range" : "literal22",
    "equivalent" : [ ],
    "attributes" : [ "functional" ],
    "subproperty" : [ ],
    "superproperty" : [ ],
    "disjoint" : [ ]
  }, {
    "id" : "property4",
    "uri" : "http://xmlns.com/foaf/0.1/topic",
    "label" : {
      "IRI-based" : "topic",
      "undefined" : "topic"
    },
    "comment" : {
      "undefined" : "A topic of some page or document."
    },
    "domain" : "class9",
    "range" : "thing2",
    "inverse" : "property14",
    "equivalent" : [ ],
    "attributes" : [ ],
    "subproperty" : [ ],
    "superproperty" : [ ],
    "disjoint" : [ ]
  }, {
    "id" : "property79",
    "label" : { },
    "comment" : { },
    "domain" : "class18",
    "range" : "class9",
    "equivalent" : [ ],
    "attributes" : [ ],
    "subproperty" : [ ],
    "superproperty" : [ ],
    "disjoint" : [ ]
  }, {
    "id" : "property29",
    "uri" : "http://xmlns.com/foaf/0.1/holdsAccount",
    "label" : {
      "IRI-based" : "holdsAccount",
      "undefined" : "account"
    },
    "comment" : {
      "undefined" : "Indicates an account held by this agent."
    },
    "domain" : "class3",
    "range" : "class5",
    "equivalent" : [ ],
    "attributes" : [ ],
    "subproperty" : [ ],
    "superproperty" : [ ],
    "disjoint" : [ ]
  }, {
    "id" : "property72",
    "label" : { },
    "comment" : { },
    "domain" : "class12",
    "range" : "class5",
    "equivalent" : [ ],
    "attributes" : [ ],
    "subproperty" : [ ],
    "superproperty" : [ ],
    "disjoint" : [ ]
  }, {
    "id" : "property24",
    "uri" : "http://xmlns.com/foaf/0.1/isPrimaryTopicOf",
    "label" : {
      "IRI-based" : "isPrimaryTopicOf",
      "undefined" : "is primary topic of"
    },
    "comment" : {
      "undefined" : "A document that this thing is the primary topic of."
    },
    "domain" : "thing2",
    "range" : "class9",
    "inverse" : "property37",
    "equivalent" : [ ],
    "attributes" : [ "inverse functional" ],
    "subproperty" : [ "property5", "property11" ],
    "superproperty" : [ "property14" ],
    "disjoint" : [ ]
  }, {
    "id" : "property73",
    "label" : { },
    "comment" : { },
    "domain" : "class13",
    "range" : "class5",
    "equivalent" : [ ],
    "attributes" : [ ],
    "subproperty" : [ ],
    "superproperty" : [ ],
    "disjoint" : [ ]
  }, {
    "id" : "property74",
    "label" : { },
    "comment" : { },
    "domain" : "class15",
    "range" : "class16",
    "equivalent" : [ ],
    "attributes" : [ ],
    "subproperty" : [ ],
    "superproperty" : [ ],
    "disjoint" : [ ]
  }, {
    "id" : "property63",
    "uri" : "http://xmlns.com/foaf/0.1/familyName",
    "label" : {
      "IRI-based" : "familyName",
      "undefined" : "familyName"
    },
    "comment" : {
      "undefined" : "The family name of some person."
    },
    "domain" : "class15",
    "range" : "literal23",
    "equivalent" : [ ],
    "attributes" : [ ],
    "subproperty" : [ ],
    "superproperty" : [ ],
    "disjoint" : [ ]
  }, {
    "id" : "property75",
    "label" : { },
    "comment" : { },
    "domain" : "class9",
    "range" : "class16",
    "equivalent" : [ ],
    "attributes" : [ ],
    "subproperty" : [ ],
    "superproperty" : [ ],
    "disjoint" : [ ]
  }, {
    "id" : "property5",
    "uri" : "http://xmlns.com/foaf/0.1/homepage",
    "label" : {
      "IRI-based" : "homepage",
      "undefined" : "homepage"
    },
    "comment" : {
      "undefined" : "A homepage for some thing."
    },
    "domain" : "thing2",
    "range" : "class9",
    "equivalent" : [ ],
    "attributes" : [ "inverse functional" ],
    "subproperty" : [ ],
    "superproperty" : [ "property24", "property14" ],
    "disjoint" : [ ]
  }, {
    "id" : "property41",
    "uri" : "http://xmlns.com/foaf/0.1/status",
    "label" : {
      "IRI-based" : "status",
      "undefined" : "status"
    },
    "comment" : {
      "undefined" : "A string expressing what the user is happy for the general public (normally) to know about their current activity."
    },
    "domain" : "class3",
    "range" : "literal1",
    "equivalent" : [ ],
    "attributes" : [ ],
    "subproperty" : [ ],
    "superproperty" : [ ],
    "disjoint" : [ ]
  }, {
    "id" : "property51",
    "uri" : "http://xmlns.com/foaf/0.1/firstName",
    "label" : {
      "IRI-based" : "firstName",
      "undefined" : "firstName"
    },
    "comment" : {
      "undefined" : "The first name of a person."
    },
    "domain" : "class15",
    "range" : "literal11",
    "equivalent" : [ ],
    "attributes" : [ ],
    "subproperty" : [ ],
    "superproperty" : [ ],
    "disjoint" : [ ]
  }, {
    "id" : "property60",
    "uri" : "http://xmlns.com/foaf/0.1/title",
    "label" : {
      "IRI-based" : "title",
      "undefined" : "title"
    },
    "comment" : {
      "undefined" : "Title (Mr, Mrs, Ms, Dr. etc)"
    },
    "domain" : "thing4",
    "range" : "literal20",
    "equivalent" : [ ],
    "attributes" : [ ],
    "subproperty" : [ ],
    "superproperty" : [ ],
    "disjoint" : [ ]
  }, {
    "id" : "property28",
    "uri" : "http://xmlns.com/foaf/0.1/currentProject",
    "label" : {
      "IRI-based" : "currentProject",
      "undefined" : "current project"
    },
    "comment" : {
      "undefined" : "A current project this person works on."
    },
    "domain" : "class15",
    "range" : "thing5",
    "equivalent" : [ ],
    "attributes" : [ ],
    "subproperty" : [ ],
    "superproperty" : [ ],
    "disjoint" : [ ]
  }, {
    "id" : "property61",
    "uri" : "http://xmlns.com/foaf/0.1/aimChatID",
    "label" : {
      "IRI-based" : "aimChatID",
      "undefined" : "AIM chat ID"
    },
    "comment" : {
      "undefined" : "An AIM chat ID"
    },
    "domain" : "thing4",
    "range" : "literal21",
    "equivalent" : [ ],
    "attributes" : [ ],
    "subproperty" : [ ],
    "superproperty" : [ "property64" ],
    "disjoint" : [ ]
  }, {
    "id" : "property39",
    "uri" : "http://xmlns.com/foaf/0.1/topic_interest",
    "label" : {
      "IRI-based" : "topic_interest",
      "undefined" : "topic_interest"
    },
    "comment" : {
      "undefined" : "A thing of interest to this person."
    },
    "domain" : "class3",
    "range" : "thing1",
    "equivalent" : [ ],
    "attributes" : [ ],
    "subproperty" : [ ],
    "superproperty" : [ ],
    "disjoint" : [ ]
  }, {
    "id" : "property44",
    "uri" : "http://xmlns.com/foaf/0.1/dnaChecksum",
    "label" : {
      "IRI-based" : "dnaChecksum",
      "undefined" : "DNA checksum"
    },
    "comment" : {
      "undefined" : "A checksum for the DNA of some thing. Joke."
    },
    "domain" : "thing4",
    "range" : "literal4",
    "equivalent" : [ ],
    "attributes" : [ ],
    "subproperty" : [ ],
    "superproperty" : [ ],
    "disjoint" : [ ]
  }, {
    "id" : "property48",
    "uri" : "http://xmlns.com/foaf/0.1/sha1",
    "label" : {
      "IRI-based" : "sha1",
      "undefined" : "sha1sum (hex)"
    },
    "comment" : {
      "undefined" : "A sha1sum hash, in hex."
    },
    "domain" : "class9",
    "range" : "literal8",
    "equivalent" : [ ],
    "attributes" : [ ],
    "subproperty" : [ ],
    "superproperty" : [ ],
    "disjoint" : [ ]
  }, {
    "id" : "property9",
    "uri" : "http://xmlns.com/foaf/0.1/depicts",
    "label" : {
      "IRI-based" : "depicts",
      "undefined" : "depicts"
    },
    "comment" : {
      "undefined" : "A thing depicted in this representation."
    },
    "domain" : "class21",
    "range" : "thing3",
    "inverse" : "property12",
    "equivalent" : [ ],
    "attributes" : [ ],
    "subproperty" : [ ],
    "superproperty" : [ ],
    "disjoint" : [ ]
  }, {
    "id" : "property21",
    "uri" : "http://xmlns.com/foaf/0.1/weblog",
    "label" : {
      "IRI-based" : "weblog",
      "undefined" : "weblog"
    },
    "comment" : {
      "undefined" : "A weblog of some thing (whether person, group, company etc.)."
    },
    "domain" : "class3",
    "range" : "class9",
    "equivalent" : [ ],
    "attributes" : [ "inverse functional" ],
    "subproperty" : [ ],
    "superproperty" : [ "property14" ],
    "disjoint" : [ ]
  }, {
    "id" : "property67",
    "uri" : "http://xmlns.com/foaf/0.1/gender",
    "label" : {
      "IRI-based" : "gender",
      "undefined" : "gender"
    },
    "comment" : {
      "undefined" : "The gender of this Agent (typically but not necessarily 'male' or 'female')."
    },
    "domain" : "class3",
    "range" : "literal27",
    "equivalent" : [ ],
    "attributes" : [ "functional" ],
    "subproperty" : [ ],
    "superproperty" : [ ],
    "disjoint" : [ ]
  }, {
    "id" : "property42",
    "uri" : "http://xmlns.com/foaf/0.1/name",
    "label" : {
      "IRI-based" : "name",
      "undefined" : "name"
    },
    "comment" : {
      "undefined" : "A name for some thing."
    },
    "domain" : "thing4",
    "range" : "literal2",
    "equivalent" : [ ],
    "attributes" : [ ],
    "subproperty" : [ ],
    "superproperty" : [ ],
    "disjoint" : [ ]
  }, {
    "id" : "property68",
    "label" : { },
    "comment" : { },
    "domain" : "class17",
    "range" : "class3",
    "equivalent" : [ ],
    "attributes" : [ ],
    "subproperty" : [ ],
    "superproperty" : [ ],
    "disjoint" : [ ]
  }, {
    "id" : "property50",
    "uri" : "http://xmlns.com/foaf/0.1/surname",
    "label" : {
      "IRI-based" : "surname",
      "undefined" : "Surname"
    },
    "comment" : {
      "undefined" : "The surname of some person."
    },
    "domain" : "class15",
    "range" : "literal10",
    "equivalent" : [ ],
    "attributes" : [ ],
    "subproperty" : [ ],
    "superproperty" : [ ],
    "disjoint" : [ ]
  }, {
    "id" : "property17",
    "uri" : "http://xmlns.com/foaf/0.1/member",
    "label" : {
      "IRI-based" : "member",
      "undefined" : "member"
    },
    "comment" : {
      "undefined" : "Indicates a member of a Group"
    },
    "domain" : "class17",
    "range" : "class3",
    "equivalent" : [ ],
    "attributes" : [ ],
    "subproperty" : [ ],
    "superproperty" : [ ],
    "disjoint" : [ ]
  }, {
    "id" : "property69",
    "label" : { },
    "comment" : { },
    "domain" : "class16",
    "range" : "class3",
    "equivalent" : [ ],
    "attributes" : [ ],
    "subproperty" : [ ],
    "superproperty" : [ ],
    "disjoint" : [ ]
  }, {
    "id" : "property59",
    "uri" : "http://xmlns.com/foaf/0.1/msnChatID",
    "label" : {
      "IRI-based" : "msnChatID",
      "undefined" : "MSN chat ID"
    },
    "comment" : {
      "undefined" : "An MSN chat ID"
    },
    "domain" : "thing4",
    "range" : "literal19",
    "equivalent" : [ ],
    "attributes" : [ ],
    "subproperty" : [ ],
    "superproperty" : [ "property64" ],
    "disjoint" : [ ]
  }, {
    "id" : "property43",
    "uri" : "http://xmlns.com/foaf/0.1/family_name",
    "label" : {
      "IRI-based" : "family_name",
      "undefined" : "family_name"
    },
    "comment" : {
      "undefined" : "The family name of some person."
    },
    "domain" : "class15",
    "range" : "literal3",
    "equivalent" : [ ],
    "attributes" : [ ],
    "subproperty" : [ ],
    "superproperty" : [ ],
    "disjoint" : [ ]
  }, {
    "id" : "property46",
    "uri" : "http://xmlns.com/foaf/0.1/skypeID",
    "label" : {
      "IRI-based" : "skypeID",
      "undefined" : "Skype ID"
    },
    "comment" : {
      "undefined" : "A Skype ID"
    },
    "domain" : "class3",
    "range" : "literal6",
    "equivalent" : [ ],
    "attributes" : [ ],
    "subproperty" : [ ],
    "superproperty" : [ "property64" ],
    "disjoint" : [ ]
  }, {
    "id" : "property53",
    "uri" : "http://xmlns.com/foaf/0.1/givenName",
    "label" : {
      "IRI-based" : "givenName",
      "undefined" : "Given name"
    },
    "comment" : {
      "undefined" : "The given name of some person."
    },
    "domain" : "thing4",
    "range" : "literal13",
    "equivalent" : [ ],
    "attributes" : [ ],
    "subproperty" : [ ],
    "superproperty" : [ ],
    "disjoint" : [ ]
  }, {
    "id" : "property1",
    "uri" : "http://xmlns.com/foaf/0.1/accountServiceHomepage",
    "label" : {
      "IRI-based" : "accountServiceHomepage",
      "undefined" : "account service homepage"
    },
    "comment" : {
      "undefined" : "Indicates a homepage of the service provide for this online account."
    },
    "domain" : "class5",
    "range" : "class9",
    "equivalent" : [ ],
    "attributes" : [ ],
    "subproperty" : [ ],
    "superproperty" : [ ],
    "disjoint" : [ ]
  }, {
    "id" : "property37",
    "uri" : "http://xmlns.com/foaf/0.1/primaryTopic",
    "label" : {
      "IRI-based" : "primaryTopic",
      "undefined" : "primary topic"
    },
    "comment" : {
      "undefined" : "The primary topic of some page or document."
    },
    "domain" : "class9",
    "range" : "thing2",
    "inverse" : "property24",
    "equivalent" : [ ],
    "attributes" : [ "functional" ],
    "subproperty" : [ ],
    "superproperty" : [ ],
    "disjoint" : [ ]
  }, {
    "id" : "property13",
    "uri" : "http://xmlns.com/foaf/0.1/theme",
    "label" : {
      "IRI-based" : "theme",
      "undefined" : "theme"
    },
    "comment" : {
      "undefined" : "A theme."
    },
    "domain" : "thing4",
    "range" : "thing4",
    "equivalent" : [ ],
    "attributes" : [ ],
    "subproperty" : [ ],
    "superproperty" : [ ],
    "disjoint" : [ ]
  }, {
    "id" : "property66",
    "uri" : "http://xmlns.com/foaf/0.1/age",
    "label" : {
      "IRI-based" : "age",
      "undefined" : "age"
    },
    "comment" : {
      "undefined" : "The age in years of some agent."
    },
    "domain" : "class3",
    "range" : "literal26",
    "equivalent" : [ ],
    "attributes" : [ "functional" ],
    "subproperty" : [ ],
    "superproperty" : [ ],
    "disjoint" : [ ]
  }, {
    "id" : "property32",
    "uri" : "http://xmlns.com/foaf/0.1/mbox",
    "label" : {
      "IRI-based" : "mbox",
      "undefined" : "personal mailbox"
    },
    "comment" : {
      "undefined" : "A  personal mailbox, ie. an Internet mailbox associated with exactly one owner, the first owner of this mailbox. This is a 'static inverse functional property', in that  there is (across time and change) at most one individual that ever has any particular value for foaf:mbox."
    },
    "domain" : "class3",
    "range" : "thing1",
    "equivalent" : [ ],
    "attributes" : [ "inverse functional" ],
    "subproperty" : [ ],
    "superproperty" : [ ],
    "disjoint" : [ ]
  }, {
    "id" : "property54",
    "uri" : "http://xmlns.com/foaf/0.1/lastName",
    "label" : {
      "IRI-based" : "lastName",
      "undefined" : "lastName"
    },
    "comment" : {
      "undefined" : "The last name of a person."
    },
    "domain" : "class15",
    "range" : "literal14",
    "equivalent" : [ ],
    "attributes" : [ ],
    "subproperty" : [ ],
    "superproperty" : [ ],
    "disjoint" : [ ]
  }, {
    "id" : "property30",
    "uri" : "http://xmlns.com/foaf/0.1/workInfoHomepage",
    "label" : {
      "IRI-based" : "workInfoHomepage",
      "undefined" : "work info homepage"
    },
    "comment" : {
      "undefined" : "A work info homepage of some person; a page about their work for some organization."
    },
    "domain" : "class15",
    "range" : "class9",
    "equivalent" : [ ],
    "attributes" : [ ],
    "subproperty" : [ ],
    "superproperty" : [ ],
    "disjoint" : [ ]
  }, {
    "id" : "property45",
    "uri" : "http://xmlns.com/foaf/0.1/yahooChatID",
    "label" : {
      "IRI-based" : "yahooChatID",
      "undefined" : "Yahoo chat ID"
    },
    "comment" : {
      "undefined" : "A Yahoo chat ID"
    },
    "domain" : "thing4",
    "range" : "literal5",
    "equivalent" : [ ],
    "attributes" : [ ],
    "subproperty" : [ ],
    "superproperty" : [ "property64" ],
    "disjoint" : [ ]
  }, {
    "id" : "property15",
    "uri" : "http://xmlns.com/foaf/0.1/pastProject",
    "label" : {
      "IRI-based" : "pastProject",
      "undefined" : "past project"
    },
    "comment" : {
      "undefined" : "A project this person has previously worked on."
    },
    "domain" : "class15",
    "range" : "thing5",
    "equivalent" : [ ],
    "attributes" : [ ],
    "subproperty" : [ ],
    "superproperty" : [ ],
    "disjoint" : [ ]
  }, {
    "id" : "property2",
    "uri" : "http://xmlns.com/foaf/0.1/thumbnail",
    "label" : {
      "IRI-based" : "thumbnail",
      "undefined" : "thumbnail"
    },
    "comment" : {
      "undefined" : "A derived thumbnail image."
    },
    "domain" : "class21",
    "range" : "class21",
    "equivalent" : [ ],
    "attributes" : [ ],
    "subproperty" : [ ],
    "superproperty" : [ ],
    "disjoint" : [ ]
  }, {
    "id" : "property64",
    "uri" : "http://xmlns.com/foaf/0.1/nick",
    "label" : {
      "IRI-based" : "nick",
      "undefined" : "nickname"
    },
    "comment" : {
      "undefined" : "A short informal nickname characterising an agent (includes login identifiers, IRC and other chat nicknames)."
    },
    "domain" : "thing4",
    "range" : "literal24",
    "equivalent" : [ ],
    "attributes" : [ ],
    "subproperty" : [ "property31", "property40", "property7", "property46", "property19" ],
    "superproperty" : [ ],
    "disjoint" : [ ]
  }, {
    "id" : "property82",
    "label" : { },
    "comment" : { },
    "domain" : "class15",
    "range" : "class10",
    "equivalent" : [ ],
    "attributes" : [ ],
    "subproperty" : [ ],
    "superproperty" : [ ],
    "disjoint" : [ ]
  }, {
    "id" : "property33",
    "uri" : "http://xmlns.com/foaf/0.1/focus",
    "label" : {
      "IRI-based" : "focus",
      "undefined" : "focus"
    },
    "comment" : {
      "undefined" : "The underlying or 'focal' entity associated with some SKOS-described concept."
    },
    "domain" : "class11",
    "range" : "thing6",
    "equivalent" : [ ],
    "attributes" : [ ],
    "subproperty" : [ ],
    "superproperty" : [ ],
    "disjoint" : [ ]
  }, {
    "id" : "property25",
    "uri" : "http://xmlns.com/foaf/0.1/knows",
    "label" : {
      "IRI-based" : "knows",
      "undefined" : "knows"
    },
    "comment" : {
      "undefined" : "A person known by this person (indicating some level of reciprocated interaction between the parties)."
    },
    "domain" : "class15",
    "range" : "class15",
    "equivalent" : [ ],
    "attributes" : [ ],
    "subproperty" : [ ],
    "superproperty" : [ ],
    "disjoint" : [ ]
  }, {
    "id" : "property80",
    "label" : { },
    "comment" : { },
    "domain" : "class4",
    "range" : "class9",
    "equivalent" : [ ],
    "attributes" : [ ],
    "subproperty" : [ ],
    "superproperty" : [ ],
    "disjoint" : [ ]
  }, {
    "id" : "property65",
    "uri" : "http://xmlns.com/foaf/0.1/plan",
    "label" : {
      "IRI-based" : "plan",
      "undefined" : "plan"
    },
    "comment" : {
      "undefined" : "A .plan comment, in the tradition of finger and '.plan' files."
    },
    "domain" : "class15",
    "range" : "literal25",
    "equivalent" : [ ],
    "attributes" : [ ],
    "subproperty" : [ ],
    "superproperty" : [ ],
    "disjoint" : [ ]
  }, {
    "id" : "property34",
    "uri" : "http://xmlns.com/foaf/0.1/phone",
    "label" : {
      "IRI-based" : "phone",
      "undefined" : "phone"
    },
    "comment" : {
      "undefined" : "A phone,  specified using fully qualified tel: URI scheme (refs: http://www.w3.org/Addressing/schemes.html#tel)."
    },
    "domain" : "thing4",
    "range" : "thing4",
    "equivalent" : [ ],
    "attributes" : [ ],
    "subproperty" : [ ],
    "superproperty" : [ ],
    "disjoint" : [ ]
  }, {
    "id" : "property47",
    "uri" : "http://xmlns.com/foaf/0.1/mbox_sha1sum",
    "label" : {
      "IRI-based" : "mbox_sha1sum",
      "undefined" : "sha1sum of a personal mailbox URI name"
    },
    "comment" : {
      "undefined" : "The sha1sum of the URI of an Internet mailbox associated with exactly one owner, the  first owner of the mailbox."
    },
    "domain" : "thing4",
    "range" : "literal7",
    "equivalent" : [ ],
    "attributes" : [ ],
    "subproperty" : [ ],
    "superproperty" : [ ],
    "disjoint" : [ ]
  }, {
    "id" : "property18",
    "uri" : "http://xmlns.com/foaf/0.1/fundedBy",
    "label" : {
      "IRI-based" : "fundedBy",
      "undefined" : "funded by"
    },
    "comment" : {
      "undefined" : "An organization funding a project or person."
    },
    "domain" : "thing4",
    "range" : "thing4",
    "equivalent" : [ ],
    "attributes" : [ ],
    "subproperty" : [ ],
    "superproperty" : [ ],
    "disjoint" : [ ]
  }, {
    "id" : "property27",
    "uri" : "http://xmlns.com/foaf/0.1/account",
    "label" : {
      "IRI-based" : "account",
      "undefined" : "account"
    },
    "comment" : {
      "undefined" : "Indicates an account held by this agent."
    },
    "domain" : "class3",
    "range" : "class5",
    "equivalent" : [ ],
    "attributes" : [ ],
    "subproperty" : [ ],
    "superproperty" : [ ],
    "disjoint" : [ ]
  }, {
    "id" : "property57",
    "uri" : "http://xmlns.com/foaf/0.1/geekcode",
    "label" : {
      "IRI-based" : "geekcode",
      "undefined" : "geekcode"
    },
    "comment" : {
      "undefined" : "A textual geekcode for this person, see http://www.geekcode.com/geek.html"
    },
    "domain" : "class15",
    "range" : "literal17",
    "equivalent" : [ ],
    "attributes" : [ ],
    "subproperty" : [ ],
    "superproperty" : [ ],
    "disjoint" : [ ]
  }, {
    "id" : "property8",
    "uri" : "http://xmlns.com/foaf/0.1/publications",
    "label" : {
      "IRI-based" : "publications",
      "undefined" : "publications"
    },
    "comment" : {
      "undefined" : "A link to the publications of this person."
    },
    "domain" : "class15",
    "range" : "class9",
    "equivalent" : [ ],
    "attributes" : [ ],
    "subproperty" : [ ],
    "superproperty" : [ ],
    "disjoint" : [ ]
  }, {
    "id" : "property55",
    "uri" : "http://xmlns.com/foaf/0.1/accountName",
    "label" : {
      "IRI-based" : "accountName",
      "undefined" : "account name"
    },
    "comment" : {
      "undefined" : "Indicates the name (identifier) associated with this online account."
    },
    "domain" : "class5",
    "range" : "literal15",
    "equivalent" : [ ],
    "attributes" : [ ],
    "subproperty" : [ ],
    "superproperty" : [ ],
    "disjoint" : [ ]
  }, {
    "id" : "property56",
    "uri" : "http://xmlns.com/foaf/0.1/icqChatID",
    "label" : {
      "IRI-based" : "icqChatID",
      "undefined" : "ICQ chat ID"
    },
    "comment" : {
      "undefined" : "An ICQ chat ID"
    },
    "domain" : "thing4",
    "range" : "literal16",
    "equivalent" : [ ],
    "attributes" : [ ],
    "subproperty" : [ ],
    "superproperty" : [ "property64" ],
    "disjoint" : [ ]
  }, {
    "id" : "property23",
    "uri" : "http://xmlns.com/foaf/0.1/img",
    "label" : {
      "IRI-based" : "img",
      "undefined" : "image"
    },
    "comment" : {
      "undefined" : "An image that can be used to represent some thing (ie. those depictions which are particularly representative of something, eg. one's photo on a homepage)."
    },
    "domain" : "class15",
    "range" : "class21",
    "equivalent" : [ ],
    "attributes" : [ ],
    "subproperty" : [ ],
    "superproperty" : [ "property12" ],
    "disjoint" : [ ]
  }, {
    "id" : "property6",
    "uri" : "http://xmlns.com/foaf/0.1/interest",
    "label" : {
      "IRI-based" : "interest",
      "undefined" : "interest"
    },
    "comment" : {
      "undefined" : "A page about a topic of interest to this person."
    },
    "domain" : "class3",
    "range" : "class9",
    "equivalent" : [ ],
    "attributes" : [ ],
    "subproperty" : [ ],
    "superproperty" : [ ],
    "disjoint" : [ ]
  }, {
    "id" : "property11",
    "uri" : "http://xmlns.com/foaf/0.1/openid",
    "label" : {
      "IRI-based" : "openid",
      "undefined" : "openid"
    },
    "comment" : {
      "undefined" : "An OpenID for an Agent."
    },
    "domain" : "class3",
    "range" : "class9",
    "equivalent" : [ ],
    "attributes" : [ "inverse functional" ],
    "subproperty" : [ ],
    "superproperty" : [ "property24" ],
    "disjoint" : [ ]
  }, {
    "id" : "property52",
    "uri" : "http://xmlns.com/foaf/0.1/givenname",
    "label" : {
      "IRI-based" : "givenname",
      "undefined" : "Given name"
    },
    "comment" : {
      "undefined" : "The given name of some person."
    },
    "domain" : "thing4",
    "range" : "literal12",
    "equivalent" : [ ],
    "attributes" : [ ],
    "subproperty" : [ ],
    "superproperty" : [ ],
    "disjoint" : [ ]
  }, {
    "id" : "property58",
    "uri" : "http://xmlns.com/foaf/0.1/myersBriggs",
    "label" : {
      "IRI-based" : "myersBriggs",
      "undefined" : "myersBriggs"
    },
    "comment" : {
      "undefined" : "A Myers Briggs (MBTI) personality classification."
    },
    "domain" : "class15",
    "range" : "literal18",
    "equivalent" : [ ],
    "attributes" : [ ],
    "subproperty" : [ ],
    "superproperty" : [ ],
    "disjoint" : [ ]
  }, {
    "id" : "property49",
    "uri" : "http://xmlns.com/foaf/0.1/jabberID",
    "label" : {
      "IRI-based" : "jabberID",
      "undefined" : "jabber ID"
    },
    "comment" : {
      "undefined" : "A jabber ID for something."
    },
    "domain" : "thing4",
    "range" : "literal9",
    "equivalent" : [ ],
    "attributes" : [ ],
    "subproperty" : [ ],
    "superproperty" : [ ],
    "disjoint" : [ ]
  }, {
    "id" : "property36",
    "uri" : "http://xmlns.com/foaf/0.1/schoolHomepage",
    "label" : {
      "IRI-based" : "schoolHomepage",
      "undefined" : "schoolHomepage"
    },
    "comment" : {
      "undefined" : "A homepage of a school attended by the person."
    },
    "domain" : "class15",
    "range" : "class9",
    "equivalent" : [ ],
    "attributes" : [ ],
    "subproperty" : [ ],
    "superproperty" : [ ],
    "disjoint" : [ ]
  } ]
}