{
  "_comment" : "Created with OWL2VOWL (version 0.1.4), http://vowl.visualdataweb.org",
  "namespace" : [ { } ],
  "header" : {
    "languages" : [ "de", "IRI-based", "zh-hans", "undefined", "fr", "en" ],
    "title" : {
      "undefined" : "Ontology Visualization Benchmark (OntoViBe)"
    },
    "uri" : "http://ontovibe.visualdataweb.org",
    "version" : "2.0",
    "author" : [ "Florian Haag", "Steffen Lohmann" ],
    "description" : {
      "undefined" : "OntoViBe is a benchmark for testing ontology visualizations. It incorporates a comprehensive set of OWL 2 language constructs and systematic combinations thereof."
    },
    "seeAlso" : [ ],
    "issued" : [ ],
    "license" : [ ],
    "rdfsLabel" : [ "Ontology Visualization Benchmark (OntoViBe)" ],
    "other" : {
      "contributor" : [ {
        "identifier" : "contributor",
        "language" : "undefined",
        "value" : "Stefan Negru",
        "type" : "label"
      } ],
      "priorVersio" : [ {
        "identifier" : "priorVersio",
        "language" : null,
        "value" : "http://ontovibe.visualdataweb.org/1.0",
        "type" : "iri"
      } ],
      "backwardCompatibleWit" : [ {
        "identifier" : "backwardCompatibleWit",
        "language" : null,
        "value" : "http://ontovibe.visualdataweb.org/1.0",
        "type" : "iri"
      } ],
      "rights" : [ {
        "identifier" : "rights",
        "language" : null,
        "value" : "http://creativecommons.org/licenses/by/4.0/",
        "type" : "iri"
      } ],
      "incompatibleWit" : [ {
        "identifier" : "incompatibleWit",
        "language" : null,
        "value" : "http://ontovibe.visualdataweb.org/minimal",
        "type" : "iri"
      } ],
      "date" : [ {
        "identifier" : "date",
        "language" : "undefined",
        "value" : "2015-01-16",
        "type" : "label"
      } ],
      "commen" : [ {
        "identifier" : "commen",
        "language" : "undefined",
        "value" : "OntoViBe is a benchmark for testing ontology visualizations. It incorporates a comprehensive set of OWL 2 language constructs and systematic combinations thereof.",
        "type" : "label"
      } ]
    }
  },
  "metrics" : {
    "classCount" : 40,
    "datatypeCount" : 13,
    "objectPropertyCount" : 23,
    "datatypePropertyCount" : 13,
    "propertyCount" : 36,
    "nodeCount" : 53,
    "axiomCount" : 216,
    "individualCount" : 8
  },
  "class" : [ {
    "id" : "class214",
    "type" : "owl:Class"
  }, {
    "id" : "class219",
    "type" : "owl:Class"
  }, {
    "id" : "class234",
    "type" : "owl:Class"
  }, {
    "id" : "class230",
    "type" : "owl:equivalentClass"
  }, {
    "id" : "class211",
    "type" : "owl:equivalentClass"
  }, {
    "id" : "class232",
    "type" : "owl:Class"
  }, {
    "id" : "class213",
    "type" : "owl:equivalentClass"
  }, {
    "id" : "class241",
    "type" : "owl:Class"
  }, {
    "id" : "class223",
    "type" : "owl:Class"
  }, {
    "id" : "class238",
    "type" : "owl:Class"
  }, {
    "id" : "class226",
    "type" : "owl:unionOf"
  }, {
    "id" : "class245",
    "type" : "owl:complementOf"
  }, {
    "id" : "class237",
    "type" : "owl:equivalentClass"
  }, {
    "id" : "class209",
    "type" : "owl:Class"
  }, {
    "id" : "class222",
    "type" : "owl:complementOf"
  }, {
    "id" : "class225",
    "type" : "owl:intersectionOf"
  }, {
    "id" : "class208",
    "type" : "owl:Class"
  }, {
    "id" : "class242",
    "type" : "owl:Class"
  }, {
    "id" : "class229",
    "type" : "owl:unionOf"
  }, {
    "id" : "class215",
    "type" : "owl:equivalentClass"
  }, {
    "id" : "class243",
    "type" : "owl:Class"
  }, {
    "id" : "class244",
    "type" : "owl:equivalentClass"
  }, {
    "id" : "class233",
    "type" : "owl:Class"
  }, {
    "id" : "class221",
    "type" : "owl:intersectionOf"
  }, {
    "id" : "class235",
    "type" : "owl:Class"
  }, {
    "id" : "class231",
    "type" : "owl:equivalentClass"
  }, {
    "id" : "class220",
    "type" : "owl:unionOf"
  }, {
    "id" : "class207",
    "type" : "owl:equivalentClass"
  }, {
    "id" : "class210",
    "type" : "owl:Class"
  }, {
    "id" : "class216",
    "type" : "owl:Class"
  }, {
    "id" : "class228",
    "type" : "externalclass"
  }, {
    "id" : "class227",
    "type" : "owl:equivalentClass"
  }, {
    "id" : "class240",
    "type" : "owl:unionOf"
  }, {
    "id" : "class236",
    "type" : "owl:unionOf"
  }, {
    "id" : "class239",
    "type" : "owl:Class"
  }, {
    "id" : "class218",
    "type" : "owl:Class"
  }, {
    "id" : "class224",
    "type" : "owl:equivalentClass"
  }, {
    "id" : "class217",
    "type" : "owl:equivalentClass"
  }, {
    "id" : "class212",
    "type" : "owl:intersectionOf"
  }, {
    "id" : "class247",
    "type" : "owl:intersectionOf"
  }, {
    "id" : "thing30",
    "type" : "owl:Thing"
  }, {
    "id" : "thing31",
    "type" : "owl:Thing"
  }, {
    "id" : "thing29",
    "type" : "owl:Thing"
  }, {
    "id" : "class246",
    "type" : "owl:unionOf",
    "label" : "Union"
  } ],
  "classAttribute" : [ {
    "id" : "class214",
    "label" : {
      "IRI-based" : "MultiPropertyOwner",
      "undefined" : "multi-property owner"
    },
    "uri" : "http://ontovibe.visualdataweb.org#MultiPropertyOwner",
    "comment" : {
      "undefined" : "This is a comment without a language-tag on a class that also has a label."
    },
    "instances" : 0,
    "equivalent" : [ ],
    "attributes" : [ ],
    "union" : [ ],
    "intersection" : [ ],
    "complement" : [ ],
    "subClasses" : [ ],
    "superClasses" : [ ]
  }, {
    "id" : "class219",
    "label" : {
      "IRI-based" : "FunctionalAnchor"
    },
    "uri" : "http://ontovibe.visualdataweb.org#FunctionalAnchor",
    "comment" : { },
    "instances" : 0,
    "equivalent" : [ ],
    "attributes" : [ ],
    "union" : [ ],
    "intersection" : [ ],
    "complement" : [ ],
    "subClasses" : [ ],
    "superClasses" : [ ]
  }, {
    "id" : "class234",
    "label" : {
      "IRI-based" : "DisjointClass",
      "de" : "disjunkte Klasse",
      "en" : "disjoint class"
    },
    "uri" : "http://ontovibe.visualdataweb.org#DisjointClass",
    "comment" : { },
    "instances" : 0,
    "equivalent" : [ ],
    "attributes" : [ ],
    "union" : [ ],
    "intersection" : [ ],
    "complement" : [ ],
    "subClasses" : [ "class210", "class230" ],
    "superClasses" : [ ]
  }, {
    "id" : "class230",
    "label" : {
      "IRI-based" : "Subclass"
    },
    "uri" : "http://ontovibe.visualdataweb.org#Subclass",
    "comment" : { },
    "instances" : 0,
    "equivalent" : [ "class217", "class231" ],
    "attributes" : [ "equivalent" ],
    "union" : [ ],
    "intersection" : [ ],
    "complement" : [ ],
    "subClasses" : [ ],
    "superClasses" : [ "class234" ]
  }, {
    "id" : "class211",
    "label" : {
      "IRI-based" : "EquivalentImportedClassInLargeGroup"
    },
    "uri" : "http://ontovibe.visualdataweb.org/imported#EquivalentImportedClassInLargeGroup",
    "comment" : { },
    "instances" : 0,
    "equivalent" : [ ],
    "attributes" : [ "external", "equivalent" ],
    "union" : [ ],
    "intersection" : [ ],
    "complement" : [ ],
    "subClasses" : [ ],
    "superClasses" : [ ]
  }, {
    "id" : "class232",
    "label" : {
      "IRI-based" : "PropertyOwnerType"
    },
    "uri" : "http://ontovibe.visualdataweb.org#PropertyOwnerType",
    "comment" : { },
    "instances" : 0,
    "equivalent" : [ ],
    "attributes" : [ ],
    "union" : [ ],
    "intersection" : [ ],
    "complement" : [ ],
    "subClasses" : [ ],
    "superClasses" : [ ]
  }, {
    "id" : "class213",
    "label" : {
      "IRI-based" : "EquivalentToPropertyOwner"
    },
    "uri" : "http://ontovibe.visualdataweb.org#EquivalentToPropertyOwner",
    "comment" : { },
    "instances" : 0,
    "equivalent" : [ "class241" ],
    "attributes" : [ "equivalent" ],
    "union" : [ ],
    "intersection" : [ ],
    "complement" : [ ],
    "subClasses" : [ ],
    "superClasses" : [ ]
  }, {
    "id" : "class241",
    "label" : {
      "IRI-based" : "PropertyOwner"
    },
    "uri" : "http://ontovibe.visualdataweb.org#PropertyOwner",
    "comment" : { },
    "instances" : 0,
    "equivalent" : [ ],
    "attributes" : [ "equivalent" ],
    "union" : [ ],
    "intersection" : [ ],
    "complement" : [ ],
    "subClasses" : [ ],
    "superClasses" : [ ]
  }, {
    "id" : "class223",
    "label" : {
      "IRI-based" : "Class1"
    },
    "uri" : "http://ontovibe.visualdataweb.org#Class1",
    "comment" : { },
    "instances" : 1,
    "equivalent" : [ ],
    "attributes" : [ ],
    "union" : [ ],
    "intersection" : [ ],
    "complement" : [ ],
    "subClasses" : [ ],
    "superClasses" : [ ]
  }, {
    "id" : "class238",
    "label" : {
      "IRI-based" : "DivisibleByTwoEnumeration"
    },
    "uri" : "http://ontovibe.visualdataweb.org#DivisibleByTwoEnumeration",
    "comment" : { },
    "instances" : 0,
    "equivalent" : [ ],
    "attributes" : [ ],
    "union" : [ ],
    "intersection" : [ ],
    "complement" : [ ],
    "subClasses" : [ ],
    "superClasses" : [ ]
  }, {
    "id" : "class226",
    "label" : {
      "IRI-based" : "DisjointUnionClass"
    },
    "uri" : "http://ontovibe.visualdataweb.org#DisjointUnionClass",
    "comment" : { },
    "instances" : 0,
    "equivalent" : [ ],
    "attributes" : [ ],
    "union" : [ "class223", "class220" ],
    "intersection" : [ ],
    "complement" : [ ],
    "subClasses" : [ ],
    "superClasses" : [ ]
  }, {
    "id" : "class245",
    "label" : {
      "IRI-based" : "ComplementClass"
    },
    "uri" : "http://ontovibe.visualdataweb.org#ComplementClass",
    "comment" : { },
    "instances" : 0,
    "equivalent" : [ ],
    "attributes" : [ "equivalent" ],
    "union" : [ ],
    "intersection" : [ ],
    "complement" : [ "class223" ],
    "subClasses" : [ ],
    "superClasses" : [ ]
  }, {
    "id" : "class237",
    "label" : {
      "IRI-based" : "LargeEnumerationClass"
    },
    "uri" : "http://ontovibe.visualdataweb.org#LargeEnumerationClass",
    "comment" : { },
    "instances" : 0,
    "equivalent" : [ ],
    "attributes" : [ "equivalent" ],
    "union" : [ ],
    "intersection" : [ ],
    "complement" : [ ],
    "subClasses" : [ ],
    "superClasses" : [ ]
  }, {
    "id" : "class209",
    "label" : {
      "IRI-based" : "PlainClass"
    },
    "uri" : "http://ontovibe.visualdataweb.org#PlainClass",
    "comment" : { },
    "instances" : 0,
    "equivalent" : [ ],
    "attributes" : [ ],
    "union" : [ ],
    "intersection" : [ ],
    "complement" : [ ],
    "subClasses" : [ ],
    "superClasses" : [ ]
  }, {
    "id" : "class222",
    "label" : {
      "IRI-based" : "ComplementDatatype"
    },
    "uri" : "http://ontovibe.visualdataweb.org#ComplementDatatype",
    "comment" : { },
    "instances" : 0,
    "equivalent" : [ ],
    "attributes" : [ "equivalent" ],
    "union" : [ ],
    "intersection" : [ ],
    "complement" : [ "class238" ],
    "subClasses" : [ ],
    "superClasses" : [ ]
  }, {
    "id" : "class225",
    "label" : {
      "IRI-based" : "LargeIntersectionClass"
    },
    "uri" : "http://ontovibe.visualdataweb.org#LargeIntersectionClass",
    "comment" : { },
    "instances" : 0,
    "equivalent" : [ ],
    "attributes" : [ "equivalent" ],
    "union" : [ ],
    "intersection" : [ "class241", "class220", "class239" ],
    "complement" : [ ],
    "subClasses" : [ ],
    "superClasses" : [ ]
  }, {
    "id" : "class208",
    "label" : {
      "IRI-based" : "AnonymousClassAnchor"
    },
    "uri" : "http://ontovibe.visualdataweb.org#AnonymousClassAnchor",
    "comment" : { },
    "instances" : 0,
    "equivalent" : [ ],
    "attributes" : [ ],
    "union" : [ ],
    "intersection" : [ ],
    "complement" : [ ],
    "subClasses" : [ ],
    "superClasses" : [ ]
  }, {
    "id" : "class242",
    "label" : {
      "IRI-based" : "DeprecatedClass"
    },
    "uri" : "http://ontovibe.visualdataweb.org#DeprecatedClass",
    "comment" : { },
    "instances" : 1,
    "equivalent" : [ ],
    "attributes" : [ "deprecated" ],
    "union" : [ ],
    "intersection" : [ ],
    "complement" : [ ],
    "subClasses" : [ ],
    "superClasses" : [ ]
  }, {
    "id" : "class229",
    "label" : {
      "IRI-based" : "LargeDisjointUnionClass"
    },
    "uri" : "http://ontovibe.visualdataweb.org#LargeDisjointUnionClass",
    "comment" : { },
    "instances" : 0,
    "equivalent" : [ ],
    "attributes" : [ ],
    "union" : [ "class245", "class228", "class221" ],
    "intersection" : [ ],
    "complement" : [ ],
    "subClasses" : [ ],
    "superClasses" : [ ]
  }, {
    "id" : "class215",
    "label" : {
      "IRI-based" : "EnumerationClass"
    },
    "uri" : "http://ontovibe.visualdataweb.org#EnumerationClass",
    "comment" : { },
    "instances" : 0,
    "equivalent" : [ ],
    "attributes" : [ "equivalent" ],
    "union" : [ ],
    "intersection" : [ ],
    "complement" : [ ],
    "subClasses" : [ ],
    "superClasses" : [ ]
  }, {
    "id" : "class243",
    "label" : {
      "IRI-based" : "HasSelfClass"
    },
    "uri" : "http://ontovibe.visualdataweb.org#HasSelfClass",
    "comment" : { },
    "instances" : 0,
    "equivalent" : [ ],
    "attributes" : [ ],
    "union" : [ ],
    "intersection" : [ ],
    "complement" : [ ],
    "subClasses" : [ ],
    "superClasses" : [ ]
  }, {
    "id" : "class244",
    "label" : {
      "IRI-based" : "EquivalentClassInLargeGroup"
    },
    "uri" : "http://ontovibe.visualdataweb.org#EquivalentClassInLargeGroup",
    "comment" : { },
    "instances" : 0,
    "equivalent" : [ "class211", "class207" ],
    "attributes" : [ "equivalent" ],
    "union" : [ ],
    "intersection" : [ ],
    "complement" : [ ],
    "subClasses" : [ ],
    "superClasses" : [ ]
  }, {
    "id" : "class233",
    "label" : {
      "IRI-based" : "HasValueClass"
    },
    "uri" : "http://ontovibe.visualdataweb.org#HasValueClass",
    "comment" : { },
    "instances" : 0,
    "equivalent" : [ ],
    "attributes" : [ ],
    "union" : [ ],
    "intersection" : [ ],
    "complement" : [ ],
    "subClasses" : [ ],
    "superClasses" : [ ]
  }, {
    "id" : "class221",
    "label" : {
      "IRI-based" : "IntersectionClass"
    },
    "uri" : "http://ontovibe.visualdataweb.org#IntersectionClass",
    "comment" : { },
    "instances" : 0,
    "equivalent" : [ ],
    "attributes" : [ "equivalent" ],
    "union" : [ ],
    "intersection" : [ "class223", "class242" ],
    "complement" : [ ],
    "subClasses" : [ ],
    "superClasses" : [ ]
  }, {
    "id" : "class235",
    "label" : {
      "IRI-based" : "DivisibleByFiveEnumeration"
    },
    "uri" : "http://ontovibe.visualdataweb.org#DivisibleByFiveEnumeration",
    "comment" : { },
    "instances" : 0,
    "equivalent" : [ ],
    "attributes" : [ ],
    "union" : [ ],
    "intersection" : [ ],
    "complement" : [ ],
    "subClasses" : [ ],
    "superClasses" : [ ]
  }, {
    "id" : "class231",
    "label" : {
      "IRI-based" : "AlsoEquivalentToSubclass"
    },
    "uri" : "http://ontovibe.visualdataweb.org#AlsoEquivalentToSubclass",
    "comment" : { },
    "instances" : 0,
    "equivalent" : [ "class217", "class230" ],
    "attributes" : [ "equivalent" ],
    "union" : [ ],
    "intersection" : [ ],
    "complement" : [ ],
    "subClasses" : [ ],
    "superClasses" : [ ]
  }, {
    "id" : "class220",
    "label" : {
      "IRI-based" : "UnionClass"
    },
    "uri" : "http://ontovibe.visualdataweb.org#UnionClass",
    "comment" : {
      "en" : "This is an English comment on a class expression."
    },
    "instances" : 0,
    "equivalent" : [ ],
    "attributes" : [ "equivalent" ],
    "union" : [ "class223", "class242" ],
    "intersection" : [ ],
    "complement" : [ ],
    "subClasses" : [ ],
    "superClasses" : [ ]
  }, {
    "id" : "class207",
    "label" : {
      "IRI-based" : "EquivalentDeprecatedClassInLargeGroup"
    },
    "uri" : "http://ontovibe.visualdataweb.org#EquivalentDeprecatedClassInLargeGroup",
    "comment" : { },
    "instances" : 0,
    "equivalent" : [ "class211", "class244" ],
    "attributes" : [ "deprecated", "equivalent" ],
    "union" : [ ],
    "intersection" : [ ],
    "complement" : [ ],
    "subClasses" : [ ],
    "superClasses" : [ ]
  }, {
    "id" : "class210",
    "label" : {
      "IRI-based" : "MultiSubclass"
    },
    "uri" : "http://ontovibe.visualdataweb.org#MultiSubclass",
    "comment" : {
      "en" : "This is an English comment on a class that also has a description."
    },
    "instances" : 4,
    "equivalent" : [ ],
    "attributes" : [ ],
    "union" : [ ],
    "intersection" : [ ],
    "complement" : [ ],
    "subClasses" : [ ],
    "superClasses" : [ "class234", "class228" ]
  }, {
    "id" : "class216",
    "label" : {
      "IRI-based" : "AllValuesFromClass"
    },
    "uri" : "http://ontovibe.visualdataweb.org#AllValuesFromClass",
    "comment" : { },
    "instances" : 0,
    "equivalent" : [ ],
    "attributes" : [ ],
    "union" : [ ],
    "intersection" : [ ],
    "complement" : [ ],
    "subClasses" : [ ],
    "superClasses" : [ ]
  }, {
    "id" : "class228",
    "label" : {
      "IRI-based" : "DeprecatedImportedClass"
    },
    "uri" : "http://ontovibe.visualdataweb.org/imported#DeprecatedImportedClass",
    "comment" : { },
    "instances" : 0,
    "equivalent" : [ ],
    "attributes" : [ "deprecated", "external" ],
    "union" : [ ],
    "intersection" : [ ],
    "complement" : [ ],
    "subClasses" : [ "class210" ],
    "superClasses" : [ ]
  }, {
    "id" : "class227",
    "label" : {
      "IRI-based" : "EquivalentToDeprecatedClass"
    },
    "uri" : "http://ontovibe.visualdataweb.org#EquivalentToDeprecatedClass",
    "comment" : { },
    "instances" : 0,
    "equivalent" : [ "class224" ],
    "attributes" : [ "equivalent" ],
    "union" : [ ],
    "intersection" : [ ],
    "complement" : [ ],
    "subClasses" : [ ],
    "superClasses" : [ ]
  }, {
    "id" : "class240",
    "label" : {
      "IRI-based" : "LargeUnionClass"
    },
    "uri" : "http://ontovibe.visualdataweb.org#LargeUnionClass",
    "comment" : { },
    "instances" : 0,
    "equivalent" : [ ],
    "attributes" : [ "equivalent" ],
    "union" : [ "class241", "class220", "class239" ],
    "intersection" : [ ],
    "complement" : [ ],
    "subClasses" : [ ],
    "superClasses" : [ ]
  }, {
    "id" : "class236",
    "label" : {
      "IRI-based" : "UnionDatatype"
    },
    "uri" : "http://ontovibe.visualdataweb.org#UnionDatatype",
    "comment" : { },
    "instances" : 0,
    "equivalent" : [ ],
    "attributes" : [ "equivalent" ],
    "union" : [ "class235", "class238" ],
    "intersection" : [ ],
    "complement" : [ ],
    "subClasses" : [ ],
    "superClasses" : [ ]
  }, {
    "id" : "class239",
    "label" : {
      "IRI-based" : "ImportedClass"
    },
    "uri" : "http://ontovibe.visualdataweb.org/imported#ImportedClass",
    "comment" : { },
    "instances" : 0,
    "equivalent" : [ ],
    "attributes" : [ "external" ],
    "union" : [ ],
    "intersection" : [ ],
    "complement" : [ ],
    "subClasses" : [ ],
    "superClasses" : [ ]
  }, {
    "id" : "class218",
    "label" : {
      "IRI-based" : "SomeValuesFromClass"
    },
    "uri" : "http://ontovibe.visualdataweb.org#SomeValuesFromClass",
    "comment" : { },
    "instances" : 0,
    "equivalent" : [ ],
    "attributes" : [ ],
    "union" : [ ],
    "intersection" : [ ],
    "complement" : [ ],
    "subClasses" : [ ],
    "superClasses" : [ ]
  }, {
    "id" : "class224",
    "label" : {
      "IRI-based" : "EquivalentDeprecatedClass"
    },
    "uri" : "http://ontovibe.visualdataweb.org#EquivalentDeprecatedClass",
    "comment" : { },
    "instances" : 0,
    "equivalent" : [ "class227" ],
    "attributes" : [ "deprecated", "equivalent" ],
    "union" : [ ],
    "intersection" : [ ],
    "complement" : [ ],
    "subClasses" : [ ],
    "superClasses" : [ ]
  }, {
    "id" : "class217",
    "label" : {
      "IRI-based" : "EquivalentToSubclass"
    },
    "uri" : "http://ontovibe.visualdataweb.org#EquivalentToSubclass",
    "comment" : { },
    "instances" : 0,
    "equivalent" : [ "class230", "class231" ],
    "attributes" : [ "equivalent" ],
    "union" : [ ],
    "intersection" : [ ],
    "complement" : [ ],
    "subClasses" : [ ],
    "superClasses" : [ ]
  }, {
    "id" : "class212",
    "label" : {
      "IRI-based" : "IntersectionDatatype"
    },
    "uri" : "http://ontovibe.visualdataweb.org#IntersectionDatatype",
    "comment" : { },
    "instances" : 0,
    "equivalent" : [ ],
    "attributes" : [ "equivalent" ],
    "union" : [ ],
    "intersection" : [ "class235", "class238" ],
    "complement" : [ ],
    "subClasses" : [ ],
    "superClasses" : [ ]
  }, {
    "id" : "class247",
    "label" : { },
    "comment" : { },
    "instances" : 0,
    "equivalent" : [ ],
    "attributes" : [ ],
    "union" : [ ],
    "intersection" : [ "class223", "class242" ],
    "complement" : [ ],
    "subClasses" : [ ],
    "superClasses" : [ ]
  }, {
    "id" : "thing30",
    "label" : "Thing",
    "uri" : "http://www.w3.org/2002/07/owl#Thing"
  }, {
    "id" : "thing31",
    "label" : "Thing",
    "uri" : "http://www.w3.org/2002/07/owl#Thing"
  }, {
    "id" : "thing29",
    "label" : "Thing",
    "uri" : "http://www.w3.org/2002/07/owl#Thing"
  }, {
    "id" : "class246",
    "attributes" : [ ],
    "union" : [ "class223", "class242" ]
  } ],
  "datatype" : [ {
    "id" : "datatype154",
    "type" : "rdfs:Datatype"
  }, {
    "id" : "datatype157",
    "type" : "rdfs:Datatype"
  }, {
    "id" : "datatype151",
    "type" : "rdfs:Datatype"
  }, {
    "id" : "datatype150",
    "type" : "rdfs:Datatype"
  }, {
    "id" : "datatype153",
    "type" : "rdfs:Datatype"
  }, {
    "id" : "datatype152",
    "type" : "rdfs:Datatype"
  }, {
    "id" : "literal160",
    "type" : "rdfs:Literal"
  }, {
    "id" : "literal155",
    "type" : "rdfs:Literal"
  }, {
    "id" : "literal156",
    "type" : "rdfs:Literal"
  }, {
    "id" : "literal149",
    "type" : "rdfs:Literal"
  }, {
    "id" : "datatype158",
    "type" : "rdfs:Datatype"
  }, {
    "id" : "datatype159",
    "type" : "rdfs:Datatype"
  }, {
    "id" : "datatype148",
    "type" : "rdfs:Datatype"
  } ],
  "datatypeAttribute" : [ {
    "id" : "datatype154",
    "label" : {
      "IRI-based" : "IntersectionDatatype"
    },
    "comment" : { },
    "attributes" : [ ],
    "subClasses" : [ ],
    "superClasses" : [ ]
  }, {
    "id" : "datatype157",
    "label" : {
      "IRI-based" : "rational"
    },
    "comment" : { },
    "attributes" : [ ],
    "subClasses" : [ ],
    "superClasses" : [ ]
  }, {
    "id" : "datatype151",
    "label" : {
      "IRI-based" : "DivisibleByFiveEnumeration"
    },
    "comment" : { },
    "attributes" : [ ],
    "subClasses" : [ ],
    "superClasses" : [ ]
  }, {
    "id" : "datatype150",
    "label" : {
      "IRI-based" : "real"
    },
    "comment" : { },
    "attributes" : [ ],
    "subClasses" : [ ],
    "superClasses" : [ ]
  }, {
    "id" : "datatype153",
    "label" : {
      "IRI-based" : "DivisibleByThreeEnumeration"
    },
    "comment" : { },
    "attributes" : [ ],
    "subClasses" : [ ],
    "superClasses" : [ ]
  }, {
    "id" : "datatype152",
    "label" : {
      "IRI-based" : "UnionDatatype"
    },
    "comment" : { },
    "attributes" : [ ],
    "subClasses" : [ ],
    "superClasses" : [ ]
  }, {
    "id" : "literal160",
    "label" : {
      "IRI-based" : "Literal"
    },
    "comment" : { },
    "attributes" : [ ],
    "subClasses" : [ ],
    "superClasses" : [ ]
  }, {
    "id" : "literal155",
    "label" : {
      "IRI-based" : "Literal"
    },
    "comment" : { },
    "attributes" : [ ],
    "subClasses" : [ ],
    "superClasses" : [ ]
  }, {
    "id" : "literal156",
    "label" : {
      "IRI-based" : "Literal"
    },
    "comment" : { },
    "attributes" : [ ],
    "subClasses" : [ ],
    "superClasses" : [ ]
  }, {
    "id" : "literal149",
    "label" : {
      "IRI-based" : "Literal"
    },
    "comment" : { },
    "attributes" : [ ],
    "subClasses" : [ ],
    "superClasses" : [ ]
  }, {
    "id" : "datatype158",
    "label" : {
      "IRI-based" : "hexBinary"
    },
    "comment" : { },
    "attributes" : [ ],
    "subClasses" : [ ],
    "superClasses" : [ ]
  }, {
    "id" : "datatype159",
    "label" : {
      "IRI-based" : "date"
    },
    "comment" : { },
    "attributes" : [ ],
    "subClasses" : [ ],
    "superClasses" : [ ]
  }, {
    "id" : "datatype148",
    "label" : {
      "IRI-based" : "integer"
    },
    "comment" : { },
    "attributes" : [ ],
    "subClasses" : [ ],
    "superClasses" : [ ]
  } ],
  "property" : [ {
    "id" : "property1059",
    "type" : "owl:disjointWith"
  }, {
    "id" : "property1054",
    "type" : "rdf:Property"
  }, {
    "id" : "property1053",
    "type" : "rdf:Property"
  }, {
    "id" : "property1052",
    "type" : "owl:disjointWith"
  }, {
    "id" : "property1051",
    "type" : "rdfs:SubClassOf"
  }, {
    "id" : "property1057",
    "type" : "owl:disjointWith"
  }, {
    "id" : "property1055",
    "type" : "owl:disjointWith"
  }, {
    "id" : "property1032",
    "type" : "owl:objectProperty"
  }, {
    "id" : "property1027",
    "type" : "owl:objectProperty"
  }, {
    "id" : "property1029",
    "type" : "owl:objectProperty"
  }, {
    "id" : "property1030",
    "type" : "owl:objectProperty"
  }, {
    "id" : "property1050",
    "type" : "rdfs:SubClassOf"
  }, {
    "id" : "property1020",
    "type" : "owl:objectProperty"
  }, {
    "id" : "property1023",
    "type" : "owl:objectProperty"
  }, {
    "id" : "property1015",
    "type" : "owl:objectProperty"
  }, {
    "id" : "property1026",
    "type" : "owl:objectProperty"
  }, {
    "id" : "property1034",
    "type" : "owl:objectProperty"
  }, {
    "id" : "property1019",
    "type" : "owl:objectProperty"
  }, {
    "id" : "property1038",
    "type" : "owl:datatypeProperty"
  }, {
    "id" : "property1036",
    "type" : "owl:datatypeProperty"
  }, {
    "id" : "property1037",
    "type" : "owl:datatypeProperty"
  }, {
    "id" : "property1017",
    "type" : "owl:objectProperty"
  }, {
    "id" : "property1043",
    "type" : "owl:datatypeProperty"
  }, {
    "id" : "property1042",
    "type" : "owl:datatypeProperty"
  }, {
    "id" : "property1047",
    "type" : "owl:datatypeProperty"
  }, {
    "id" : "property1049",
    "type" : "owl:disjointWith"
  }, {
    "id" : "property1048",
    "type" : "owl:disjointWith"
  }, {
    "id" : "property1046",
    "type" : "owl:datatypeProperty"
  }, {
    "id" : "property1033",
    "type" : "owl:objectProperty"
  }, {
    "id" : "property1062",
    "type" : "rdfs:SubClassOf"
  }, {
    "id" : "property1014",
    "type" : "owl:objectProperty"
  }, {
    "id" : "property1035",
    "type" : "owl:datatypeProperty"
  }, {
    "id" : "property1018",
    "type" : "owl:objectProperty"
  }, {
    "id" : "property1028",
    "type" : "owl:objectProperty"
  }, {
    "id" : "property1021",
    "type" : "owl:objectProperty"
  }, {
    "id" : "property1016",
    "type" : "owl:objectProperty"
  }, {
    "id" : "property1013",
    "type" : "owl:objectProperty"
  }, {
    "id" : "property1060",
    "type" : "owl:disjointWith"
  }, {
    "id" : "property1061",
    "type" : "owl:disjointWith"
  }, {
    "id" : "property1045",
    "type" : "owl:datatypeProperty"
  }, {
    "id" : "property1040",
    "type" : "owl:datatypeProperty"
  }, {
    "id" : "property1044",
    "type" : "owl:datatypeProperty"
  }, {
    "id" : "property1041",
    "type" : "owl:datatypeProperty"
  }, {
    "id" : "property1024",
    "type" : "owl:objectProperty"
  }, {
    "id" : "property1012",
    "type" : "owl:objectProperty"
  }, {
    "id" : "property1039",
    "type" : "owl:datatypeProperty"
  }, {
    "id" : "property1022",
    "type" : "owl:objectProperty"
  }, {
    "id" : "property1025",
    "type" : "owl:objectProperty"
  } ],
  "propertyAttribute" : [ {
    "id" : "property1059",
    "label" : { },
    "comment" : { },
    "domain" : "class245",
    "range" : "class228",
    "equivalent" : [ ],
    "attributes" : [ ],
    "subproperty" : [ ],
    "superproperty" : [ ],
    "disjoint" : [ ]
  }, {
    "id" : "property1054",
    "label" : {
      "IRI-based" : "is a"
    },
    "comment" : { },
    "domain" : "class232",
    "range" : "class214",
    "equivalent" : [ ],
    "attributes" : [ ],
    "subproperty" : [ ],
    "superproperty" : [ ],
    "disjoint" : [ ]
  }, {
    "id" : "property1053",
    "label" : {
      "IRI-based" : "is a"
    },
    "comment" : { },
    "domain" : "class232",
    "range" : "class241",
    "equivalent" : [ ],
    "attributes" : [ ],
    "subproperty" : [ ],
    "superproperty" : [ ],
    "disjoint" : [ ]
  }, {
    "id" : "property1052",
    "label" : { },
    "comment" : { },
    "domain" : "class240",
    "range" : "class234",
    "equivalent" : [ ],
    "attributes" : [ ],
    "subproperty" : [ ],
    "superproperty" : [ ],
    "disjoint" : [ ]
  }, {
    "id" : "property1051",
    "label" : { },
    "comment" : { },
    "domain" : "class230",
    "range" : "class234",
    "equivalent" : [ ],
    "attributes" : [ ],
    "subproperty" : [ ],
    "superproperty" : [ ],
    "disjoint" : [ ]
  }, {
    "id" : "property1057",
    "label" : { },
    "comment" : { },
    "domain" : "class223",
    "range" : "class220",
    "equivalent" : [ ],
    "attributes" : [ ],
    "subproperty" : [ ],
    "superproperty" : [ ],
    "disjoint" : [ ]
  }, {
    "id" : "property1055",
    "label" : { },
    "comment" : { },
    "domain" : "class240",
    "range" : "class223",
    "equivalent" : [ ],
    "attributes" : [ ],
    "subproperty" : [ ],
    "superproperty" : [ ],
    "disjoint" : [ ]
  }, {
    "id" : "property1032",
    "uri" : "http://ontovibe.visualdataweb.org#cyclicProperty1",
    "label" : {
      "IRI-based" : "cyclicProperty1"
    },
    "comment" : { },
    "domain" : "class214",
    "range" : "class214",
    "equivalent" : [ ],
    "attributes" : [ ],
    "subproperty" : [ ],
    "superproperty" : [ ],
    "disjoint" : [ ]
  }, {
    "id" : "property1027",
    "uri" : "http://ontovibe.visualdataweb.org#cyclicProperty2",
    "label" : {
      "IRI-based" : "cyclicProperty2"
    },
    "comment" : {
      "en" : "This is an English comment on a property that also has a non-English description."
    },
    "domain" : "class214",
    "range" : "class214",
    "equivalent" : [ ],
    "attributes" : [ ],
    "subproperty" : [ ],
    "superproperty" : [ ],
    "disjoint" : [ ]
  }, {
    "id" : "property1029",
    "uri" : "http://ontovibe.visualdataweb.org#untypedClassToClassProperty",
    "label" : {
      "IRI-based" : "untypedClassToClassProperty"
    },
    "comment" : { },
    "domain" : "thing30",
    "range" : "class241",
    "equivalent" : [ ],
    "attributes" : [ ],
    "subproperty" : [ ],
    "superproperty" : [ ],
    "disjoint" : [ ]
  }, {
    "id" : "property1030",
    "uri" : "http://ontovibe.visualdataweb.org#cyclicProperty3",
    "label" : {
      "IRI-based" : "cyclicProperty3"
    },
    "comment" : { },
    "domain" : "class214",
    "range" : "class214",
    "equivalent" : [ ],
    "attributes" : [ ],
    "subproperty" : [ ],
    "superproperty" : [ ],
    "disjoint" : [ ]
  }, {
    "id" : "property1050",
    "label" : { },
    "comment" : { },
    "domain" : "class210",
    "range" : "class234",
    "equivalent" : [ ],
    "attributes" : [ ],
    "subproperty" : [ ],
    "superproperty" : [ ],
    "disjoint" : [ ]
  }, {
    "id" : "property1020",
    "uri" : "http://ontovibe.visualdataweb.org#dummyProperty",
    "label" : {
      "IRI-based" : "dummyProperty"
    },
    "comment" : { },
    "domain" : "class241",
    "range" : "class234",
    "equivalent" : [ "property1033" ],
    "attributes" : [ ],
    "subproperty" : [ ],
    "superproperty" : [ ],
    "disjoint" : [ ],
    "minCardinality" : 3,
    "maxCardinality" : 15
  }, {
    "id" : "property1023",
    "uri" : "http://ontovibe.visualdataweb.org#classToClassProperty",
    "label" : {
      "IRI-based" : "classToClassProperty"
    },
    "comment" : { },
    "domain" : "class241",
    "range" : "class223",
    "equivalent" : [ ],
    "attributes" : [ ],
    "subproperty" : [ ],
    "superproperty" : [ ],
    "disjoint" : [ ],
    "cardinality" : 3
  }, {
    "id" : "property1015",
    "uri" : "http://ontovibe.visualdataweb.org#functionalProperty",
    "label" : {
      "IRI-based" : "functionalProperty"
    },
    "comment" : { },
    "domain" : "class241",
    "range" : "class219",
    "equivalent" : [ ],
    "attributes" : [ "functional" ],
    "subproperty" : [ ],
    "superproperty" : [ ],
    "disjoint" : [ "property1012" ]
  }, {
    "id" : "property1026",
    "uri" : "http://ontovibe.visualdataweb.org#subproperty",
    "label" : {
      "IRI-based" : "subproperty"
    },
    "comment" : { },
    "domain" : "thing31",
    "range" : "thing31",
    "equivalent" : [ ],
    "attributes" : [ ],
    "subproperty" : [ ],
    "superproperty" : [ "property1025" ],
    "disjoint" : [ ]
  }, {
    "id" : "property1034",
    "uri" : "http://ontovibe.visualdataweb.org#classToClassProperty2",
    "label" : {
      "IRI-based" : "classToClassProperty2"
    },
    "comment" : { },
    "domain" : "class241",
    "range" : "class214",
    "equivalent" : [ ],
    "attributes" : [ ],
    "subproperty" : [ ],
    "superproperty" : [ ],
    "disjoint" : [ ]
  }, {
    "id" : "property1019",
    "uri" : "http://ontovibe.visualdataweb.org#classToClassProperty1",
    "label" : {
      "IRI-based" : "classToClassProperty1"
    },
    "comment" : { },
    "domain" : "class241",
    "range" : "class214",
    "equivalent" : [ ],
    "attributes" : [ ],
    "subproperty" : [ ],
    "superproperty" : [ ],
    "disjoint" : [ ]
  }, {
    "id" : "property1038",
    "uri" : "http://ontovibe.visualdataweb.org#customTypeDatatypeProperty",
    "label" : {
      "IRI-based" : "customTypeDatatypeProperty"
    },
    "comment" : { },
    "domain" : "class241",
    "range" : "datatype151",
    "equivalent" : [ ],
    "attributes" : [ ],
    "subproperty" : [ ],
    "superproperty" : [ ],
    "disjoint" : [ ],
    "cardinality" : 2
  }, {
    "id" : "property1036",
    "uri" : "http://ontovibe.visualdataweb.org#anotherEquivalentDataProperty",
    "label" : {
      "IRI-based" : "anotherEquivalentDataProperty"
    },
    "comment" : { },
    "domain" : "thing31",
    "range" : "literal149",
    "equivalent" : [ "property1042", "property1037" ],
    "attributes" : [ ],
    "subproperty" : [ ],
    "superproperty" : [ ],
    "disjoint" : [ ]
  }, {
    "id" : "property1037",
    "uri" : "http://ontovibe.visualdataweb.org#realProperty",
    "label" : {
      "IRI-based" : "realProperty"
    },
    "comment" : { },
    "domain" : "class241",
    "range" : "datatype150",
    "equivalent" : [ "property1042", "property1036" ],
    "attributes" : [ ],
    "subproperty" : [ ],
    "superproperty" : [ ],
    "disjoint" : [ "property1046", "property1044" ]
  }, {
    "id" : "property1017",
    "uri" : "http://ontovibe.visualdataweb.org#inverseFunctionalProperty",
    "label" : {
      "IRI-based" : "inverseFunctionalProperty"
    },
    "comment" : { },
    "domain" : "class219",
    "range" : "class241",
    "inverse" : "property1022",
    "equivalent" : [ ],
    "attributes" : [ "inverse functional" ],
    "subproperty" : [ ],
    "superproperty" : [ ],
    "disjoint" : [ ]
  }, {
    "id" : "property1043",
    "uri" : "http://ontovibe.visualdataweb.org#complementTypeDatatypeProperty",
    "label" : {
      "IRI-based" : "complementTypeDatatypeProperty",
      "undefined" : "complement-type datatype property"
    },
    "comment" : { },
    "domain" : "thing31",
    "range" : "literal156",
    "equivalent" : [ ],
    "attributes" : [ ],
    "subproperty" : [ ],
    "superproperty" : [ ],
    "disjoint" : [ ]
  }, {
    "id" : "property1042",
    "uri" : "http://ontovibe.visualdataweb.org#equivalentDataProperty",
    "label" : {
      "IRI-based" : "equivalentDataProperty"
    },
    "comment" : { },
    "domain" : "thing31",
    "range" : "literal155",
    "equivalent" : [ "property1036", "property1037" ],
    "attributes" : [ ],
    "subproperty" : [ ],
    "superproperty" : [ ],
    "disjoint" : [ ]
  }, {
    "id" : "property1047",
    "uri" : "http://ontovibe.visualdataweb.org#untypedDatatypeProperty",
    "label" : {
      "IRI-based" : "untypedDatatypeProperty"
    },
    "comment" : { },
    "domain" : "class241",
    "range" : "literal160",
    "equivalent" : [ ],
    "attributes" : [ ],
    "subproperty" : [ ],
    "superproperty" : [ ],
    "disjoint" : [ ]
  }, {
    "id" : "property1049",
    "label" : { },
    "comment" : { },
    "domain" : "class240",
    "range" : "class214",
    "equivalent" : [ ],
    "attributes" : [ ],
    "subproperty" : [ ],
    "superproperty" : [ ],
    "disjoint" : [ ]
  }, {
    "id" : "property1048",
    "label" : { },
    "comment" : { },
    "domain" : "class223",
    "range" : "class214",
    "equivalent" : [ ],
    "attributes" : [ ],
    "subproperty" : [ ],
    "superproperty" : [ ],
    "disjoint" : [ ]
  }, {
    "id" : "property1046",
    "uri" : "http://ontovibe.visualdataweb.org#deprecatedDatatypeProperty",
    "label" : {
      "IRI-based" : "deprecatedDatatypeProperty"
    },
    "comment" : { },
    "domain" : "class241",
    "range" : "datatype159",
    "equivalent" : [ ],
    "attributes" : [ "deprecated" ],
    "subproperty" : [ ],
    "superproperty" : [ ],
    "disjoint" : [ "property1044", "property1037" ]
  }, {
    "id" : "property1033",
    "uri" : "http://ontovibe.visualdataweb.org#equivalentObjectProperty",
    "label" : {
      "IRI-based" : "equivalentObjectProperty"
    },
    "comment" : { },
    "domain" : "thing31",
    "range" : "thing31",
    "equivalent" : [ "property1020" ],
    "attributes" : [ ],
    "subproperty" : [ ],
    "superproperty" : [ ],
    "disjoint" : [ ]
  }, {
    "id" : "property1062",
    "label" : { },
    "comment" : { },
    "domain" : "class210",
    "range" : "class228",
    "equivalent" : [ ],
    "attributes" : [ ],
    "subproperty" : [ ],
    "superproperty" : [ ],
    "disjoint" : [ ]
  }, {
    "id" : "property1014",
    "uri" : "http://ontovibe.visualdataweb.org#anonymousIntersectionClassProperty",
    "label" : {
      "IRI-based" : "anonymousIntersectionClassProperty"
    },
    "comment" : { },
    "domain" : "class208",
    "range" : "class247",
    "equivalent" : [ ],
    "attributes" : [ ],
    "subproperty" : [ ],
    "superproperty" : [ ],
    "disjoint" : [ ]
  }, {
    "id" : "property1035",
    "uri" : "http://ontovibe.visualdataweb.org#standardTypeDatatypeProperty",
    "label" : {
      "IRI-based" : "standardTypeDatatypeProperty"
    },
    "comment" : { },
    "domain" : "class241",
    "range" : "datatype148",
    "equivalent" : [ ],
    "attributes" : [ ],
    "subproperty" : [ ],
    "superproperty" : [ ],
    "disjoint" : [ ]
  }, {
    "id" : "property1018",
    "uri" : "http://ontovibe.visualdataweb.org#anonymousEnumerationClassProperty",
    "label" : {
      "IRI-based" : "anonymousEnumerationClassProperty"
    },
    "comment" : { },
    "domain" : "class208",
    "range" : "thing29",
    "equivalent" : [ ],
    "attributes" : [ ],
    "subproperty" : [ ],
    "superproperty" : [ ],
    "disjoint" : [ ]
  }, {
    "id" : "property1028",
    "uri" : "http://ontovibe.visualdataweb.org#anonymousComplementClassProperty",
    "label" : {
      "IRI-based" : "anonymousComplementClassProperty"
    },
    "comment" : { },
    "domain" : "class208",
    "range" : "thing29",
    "equivalent" : [ ],
    "attributes" : [ ],
    "subproperty" : [ ],
    "superproperty" : [ ],
    "disjoint" : [ ]
  }, {
    "id" : "property1021",
    "uri" : "http://ontovibe.visualdataweb.org#classToUntypedClassProperty",
    "label" : {
      "IRI-based" : "classToUntypedClassProperty"
    },
    "comment" : { },
    "domain" : "class241",
    "range" : "thing30",
    "equivalent" : [ ],
    "attributes" : [ "symmetric" ],
    "subproperty" : [ ],
    "superproperty" : [ ],
    "disjoint" : [ ]
  }, {
    "id" : "property1016",
    "uri" : "http://ontovibe.visualdataweb.org#oppositeDummyProperty",
    "label" : {
      "IRI-based" : "oppositeDummyProperty"
    },
    "comment" : { },
    "domain" : "class234",
    "range" : "class241",
    "equivalent" : [ ],
    "attributes" : [ ],
    "subproperty" : [ ],
    "superproperty" : [ ],
    "disjoint" : [ ]
  }, {
    "id" : "property1013",
    "uri" : "http://ontovibe.visualdataweb.org#anonymousUnionClassProperty",
    "label" : {
      "IRI-based" : "anonymousUnionClassProperty"
    },
    "comment" : { },
    "domain" : "class208",
    "range" : "class246",
    "equivalent" : [ ],
    "attributes" : [ ],
    "subproperty" : [ ],
    "superproperty" : [ ],
    "disjoint" : [ ]
  }, {
    "id" : "property1060",
    "label" : { },
    "comment" : { },
    "domain" : "class228",
    "range" : "class221",
    "equivalent" : [ ],
    "attributes" : [ ],
    "subproperty" : [ ],
    "superproperty" : [ ],
    "disjoint" : [ ]
  }, {
    "id" : "property1061",
    "label" : { },
    "comment" : { },
    "domain" : "class221",
    "range" : "class245",
    "equivalent" : [ ],
    "attributes" : [ ],
    "subproperty" : [ ],
    "superproperty" : [ ],
    "disjoint" : [ ]
  }, {
    "id" : "property1045",
    "uri" : "http://ontovibe.visualdataweb.org#functionalDatatypeProperty",
    "label" : {
      "IRI-based" : "functionalDatatypeProperty"
    },
    "comment" : { },
    "domain" : "class219",
    "range" : "datatype158",
    "equivalent" : [ ],
    "attributes" : [ "functional" ],
    "subproperty" : [ ],
    "superproperty" : [ ],
    "disjoint" : [ ]
  }, {
    "id" : "property1040",
    "uri" : "http://ontovibe.visualdataweb.org#importedTypeDatatypeProperty",
    "label" : {
      "IRI-based" : "importedTypeDatatypeProperty",
      "zh-hans" : "一种导入类型的数据类型性质",
      "fr" : "propriété d'un type de données importé",
      "en" : "imported type datatype property"
    },
    "comment" : { },
    "domain" : "class241",
    "range" : "datatype153",
    "equivalent" : [ ],
    "attributes" : [ ],
    "subproperty" : [ ],
    "superproperty" : [ ],
    "disjoint" : [ ]
  }, {
    "id" : "property1044",
    "uri" : "http://ontovibe.visualdataweb.org#rationalProperty",
    "label" : {
      "IRI-based" : "rationalProperty"
    },
    "comment" : { },
    "domain" : "class241",
    "range" : "datatype157",
    "equivalent" : [ ],
    "attributes" : [ ],
    "subproperty" : [ ],
    "superproperty" : [ ],
    "disjoint" : [ "property1046", "property1037" ]
  }, {
    "id" : "property1041",
    "uri" : "http://ontovibe.visualdataweb.org#intersectionTypeDatatypeProperty",
    "label" : {
      "IRI-based" : "intersectionTypeDatatypeProperty"
    },
    "comment" : { },
    "domain" : "class241",
    "range" : "datatype154",
    "equivalent" : [ ],
    "attributes" : [ ],
    "subproperty" : [ ],
    "superproperty" : [ ],
    "disjoint" : [ ]
  }, {
    "id" : "property1024",
    "uri" : "http://ontovibe.visualdataweb.org#cyclicProperty",
    "label" : {
      "IRI-based" : "cyclicProperty"
    },
    "comment" : { },
    "domain" : "class241",
    "range" : "class241",
    "equivalent" : [ ],
    "attributes" : [ ],
    "subproperty" : [ ],
    "superproperty" : [ ],
    "disjoint" : [ ]
  }, {
    "id" : "property1012",
    "uri" : "http://ontovibe.visualdataweb.org#disjointProperty",
    "label" : {
      "IRI-based" : "disjointProperty"
    },
    "comment" : { },
    "domain" : "class241",
    "range" : "class219",
    "equivalent" : [ ],
    "attributes" : [ ],
    "subproperty" : [ ],
    "superproperty" : [ ],
    "disjoint" : [ "property1015" ]
  }, {
    "id" : "property1039",
    "uri" : "http://ontovibe.visualdataweb.org#unionTypeDatatypeProperty",
    "label" : {
      "IRI-based" : "unionTypeDatatypeProperty"
    },
    "comment" : {
      "en" : "This is an English comment on a property."
    },
    "domain" : "class241",
    "range" : "datatype152",
    "equivalent" : [ ],
    "attributes" : [ ],
    "subproperty" : [ ],
    "superproperty" : [ ],
    "disjoint" : [ ]
  }, {
    "id" : "property1022",
    "uri" : "http://ontovibe.visualdataweb.org#functionalPropertyAsInverse",
    "label" : {
      "IRI-based" : "functionalPropertyAsInverse"
    },
    "comment" : { },
    "domain" : "class241",
    "range" : "class219",
    "inverse" : "property1017",
    "equivalent" : [ ],
    "attributes" : [ "functional" ],
    "subproperty" : [ ],
    "superproperty" : [ ],
    "disjoint" : [ ]
  }, {
    "id" : "property1025",
    "uri" : "http://ontovibe.visualdataweb.org#deprecatedObjectProperty",
    "label" : {
      "IRI-based" : "deprecatedObjectProperty"
    },
    "comment" : { },
    "domain" : "class241",
    "range" : "thing30",
    "equivalent" : [ ],
    "attributes" : [ "deprecated" ],
    "subproperty" : [ "property1026" ],
    "superproperty" : [ ],
    "disjoint" : [ ]
  } ]
}