{
	"namespace": [
		{
			"name": "",
			"iri": ""
		}
	],
	"header": {
		"title": "",
		"uri": "",
		"version": "",
		"author": "",
		"description": ""
	},
	"class": [
		{
			"id": "",
			"type": ""
		}
	],
	"classAttribute": [
		{
			"id": "",
			"label": "",
			"uri": "",
			"instances": 0,
			"comment": "",
			"equivalent": [
				""
			],
			"union": [
				""
			],
			"intersection": [
				""
			],
			"complement": [
				""
			],
			"attributes": [
				"deprecated",
				"external",
				"datatype",
				"object",
				"rdf"
			]
		}
	],
	"datatype": [
		{
			"id": "",
			"type": ""
		}
	],
	"datatypeAttribute": [
		{
			"id": "",
			"label": "",
			"uri": "",
			"instances": 0,
			"comment": "",
			"equivalent": [
				""
			]
		}
	],
	"property": [
		{
			"id": ""
		}
	],
	"propertyAttribute": [
		{
			"id": "",
			"domain": "",
			"range": "",
			"inverse": "",
			"label": "",
			"type": "",
			"comment": "",
			"cardinality": "",
			"minCardinality": "",
			"maxCardinality": "",
			"subproperty": [
				""
			],
			"equivalent": [
				""
			],
			"attributes": [
				"deprecated",
				"external",
				"datatype",
				"object",
				"rdf",
				"transitive",
				"functional",
				"inverse functional",
				"symmetric"
			]
		}
	]
}